-- phpMyAdmin SQL Dump
-- version 4.5.1
-- http://www.phpmyadmin.net
--
-- Host: 127.0.0.1
-- Generation Time: Feb 01, 2017 at 05:59 AM
-- Server version: 10.1.19-MariaDB
-- PHP Version: 5.6.28

SET SQL_MODE = "NO_AUTO_VALUE_ON_ZERO";
SET time_zone = "+00:00";


/*!40101 SET @OLD_CHARACTER_SET_CLIENT=@@CHARACTER_SET_CLIENT */;
/*!40101 SET @OLD_CHARACTER_SET_RESULTS=@@CHARACTER_SET_RESULTS */;
/*!40101 SET @OLD_COLLATION_CONNECTION=@@COLLATION_CONNECTION */;
/*!40101 SET NAMES utf8mb4 */;

--
-- Database: `ignition_log`
--

-- --------------------------------------------------------

--
-- Table structure for table `history`
--

CREATE TABLE `history` (
  `id` int(12) NOT NULL,
  `type` varchar(12) NOT NULL,
  `name` varchar(100) NOT NULL,
  `game` varchar(12) NOT NULL,
  `buyin` decimal(10,2) NOT NULL,
  `tournament_id` int(10) NOT NULL,
  `notes` text NOT NULL,
  `cashout` decimal(10,2) NOT NULL,
  `rank` int(10) NOT NULL,
  `date` varchar(12) NOT NULL
) ENGINE=InnoDB DEFAULT CHARSET=latin1;

--
-- Dumping data for table `history`
--

INSERT INTO `history` (`id`, `type`, `name`, `game`, `buyin`, `tournament_id`, `notes`, `cashout`, `rank`, `date`) VALUES
(171, 'MTT', '$2.000 Guaranteed (Turbo 10.000 Chips)', 'HOLDEM', '3.30', 16787741, '', '410.00', 1, '12-22-2016'),
(172, 'MTT', '$2.000 Guaranteed (10K Chips 10-Minute Levels)', 'HOLDEM', '5.50', 16786293, '$5.5 Ticket', '0.00', 243, '01-11-2017'),
(173, 'MTT', '$1.000 Guaranteed (Turbo 10.000 Chips)', 'HOLDEM', '3.30', 17153625, '', '0.00', 92, '01-11-2017'),
(174, 'MTT', 'No Limit Holdem (Super Turbo 10K Chips)', 'HOLDEM', '3.30', 16752525, '', '0.00', 48, '01-11-2017'),
(175, 'MTT', '$1.000 Guaranteed (Turbo 10.000 Chips)', 'HOLDEM', '3.30', 17153626, '', '131.01', 3, '01-11-2017'),
(176, 'MTT', '$1.000 Guaranteed (10K Chips 10-Minute Levels)', 'HOLDEM', '7.70', 16416409, '', '0.00', 80, '01-12-2017'),
(177, 'MTT', 'No Limit Holdem ($1 Knockout SS)', 'HOLDEM', '3.30', 16774930, '', '0.00', 28, '01-12-2017'),
(178, 'MTT', 'No Limit Holdem (DS)', 'HOLDEM', '2.20', 16781584, '', '0.00', 31, '01-12-2017'),
(179, 'MTT', 'Satellite To Any $10-$1, 3 Seats Gtd (Turbo)', 'HOLDEM', '2.20', 16384008, '', '0.00', 33, '01-12-2017'),
(180, 'STT', 'Hyper Turbo (500 Chips)', 'HOLDEM', '1.05', 17347307, '', '3.90', 1, '01-12-2017'),
(181, 'MTT', '$2.000 Guaranteed (10K Chips 10-Minute Levels)', 'HOLDEM', '5.50', 16786299, '', '0.00', 254, '01-12-2017'),
(182, 'MTT', '$1.000 Guaranteed (Turbo 10.000 Chips)', 'HOLDEM', '3.30', 17153631, '', '0.00', 97, '01-12-2017'),
(183, 'STT', 'Hyper Turbo (500 Chips)', 'HOLDEM', '1.05', 17351977, '', '3.90', 1, '01-12-2017'),
(184, 'STT', 'Hyper Turbo (500 Chips)', 'HOLDEM', '1.05', 17351991, '', '2.10', 2, '01-12-2017'),
(185, 'STT', 'Hyper Turbo (500 Chips)', 'HOLDEM', '1.05', 17352047, '', '3.90', 1, '01-12-2017'),
(186, 'STT', 'Hyper Turbo (500 Chips)', 'HOLDEM', '1.05', 17352142, '', '0.00', 5, '01-12-2017'),
(187, 'MTT', 'No Limit Holdem (Super Turbo 15K Chips)', 'HOLDEM', '3.30', 16795898, '', '0.00', 80, '01-12-2017'),
(188, 'STT', 'Hyper Turbo (500 Chips)', 'HOLDEM', '1.05', 17352149, '', '2.10', 2, '01-12-2017'),
(189, 'STT', 'Hyper Turbo (500 Chips)', 'HOLDEM', '1.05', 17353721, '', '0.00', 5, '01-12-2017'),
(190, 'STT', 'Hyper Turbo (500 Chips)', 'HOLDEM', '1.05', 17353734, '', '0.00', 5, '01-12-2017'),
(191, 'STT', 'Hyper Turbo (500 Chips)', 'HOLDEM', '1.05', 17353738, '', '0.00', 4, '01-12-2017'),
(192, 'STT', 'Hyper Turbo (500 Chips)', 'HOLDEM', '1.05', 17361725, '', '3.90', 1, '01-12-2017'),
(193, 'STT', 'Hyper Turbo (500 Chips)', 'HOLDEM', '1.05', 17361732, '', '2.10', 2, '01-12-2017'),
(194, 'STT', 'Hyper Turbo (500 Chips)', 'HOLDEM', '1.05', 17361743, '', '0.00', 6, '01-12-2017'),
(195, 'STT', 'Hyper Turbo (500 Chips)', 'HOLDEM', '1.05', 17361753, '', '0.00', 3, '01-12-2017'),
(196, 'STT', 'Hyper Turbo (500 Chips)', 'HOLDEM', '1.05', 17361769, '', '0.00', 4, '01-12-2017'),
(197, 'STT', 'Hyper Turbo (500 Chips)', 'HOLDEM', '1.05', 17361794, '', '2.10', 2, '01-12-2017'),
(198, 'STT', 'Hyper Turbo (500 Chips)', 'HOLDEM', '1.05', 17361803, '', '0.00', 6, '01-12-2017'),
(199, 'STT', 'Hyper Turbo (500 Chips)', 'HOLDEM', '1.05', 17361834, '', '3.90', 1, '01-12-2017'),
(200, 'MTT', '$200 Guaranteed (Turbo SS)', 'OMAHA', '5.50', 16892461, '', '0.00', 10, '01-12-2017'),
(201, 'MTT', '$300 Guaranteed (10K Chips 10-Min Levels)', 'HOLDEM', '3.30', 16759259, '', '0.00', 60, '01-12-2017'),
(202, 'MTT', '$1.000 Guaranteed (Turbo 10.000 Chips)', 'HOLDEM', '3.30', 17153634, '', '0.00', 238, '01-12-2017'),
(203, 'MTT', 'Satellite To Any $15-$1.50, 3 Seats Gtd (Turbo)', 'HOLDEM', '2.75', 16397597, '', '0.00', 17, '01-12-2017'),
(204, 'MTT', 'No Limit Holdem (Super Turbo 15K Chips)', 'HOLDEM', '3.30', 16795901, '', '0.00', 82, '01-12-2017'),
(205, 'STT', 'Hyper Turbo (500 Chips)', 'HOLDEM', '1.05', 17371044, '', '2.10', 2, '01-12-2017'),
(206, 'STT', 'Hyper Turbo (500 Chips)', 'HOLDEM', '1.05', 17371150, '', '0.00', 3, '01-12-2017'),
(207, 'STT', 'Hyper Turbo (500 Chips)', 'HOLDEM', '1.05', 17371157, '', '2.10', 2, '01-12-2017'),
(208, 'STT', 'Hyper Turbo (500 Chips)', 'HOLDEM', '1.05', 17371169, '', '3.90', 1, '01-12-2017'),
(209, 'STT', 'Hyper Turbo (500 Chips)', 'HOLDEM', '1.05', 17371181, '', '3.90', 1, '01-12-2017'),
(210, 'MTT', '$500 Guaranteed (SS)', 'HOLDEM', '3.30', 16784836, '', '0.00', 116, '01-12-2017'),
(211, 'MTT', '$2.000 Guaranteed (10K Chips 10-Minute Levels)', 'HOLDEM', '5.50', 16786303, '', '0.00', 288, '01-12-2017'),
(212, 'MTT', '$1.000 Guaranteed (Turbo 10.000 Chips)', 'HOLDEM', '3.30', 17153635, '', '0.00', 214, '01-12-2017'),
(213, 'STT', 'Hyper Turbo (500 Chips)', 'HOLDEM', '1.05', 17377210, '', '0.00', 4, '01-12-2017'),
(214, 'STT', 'Hyper Turbo (500 Chips)', 'HOLDEM', '1.05', 17377227, '', '0.00', 5, '01-12-2017'),
(215, 'STT', 'Hyper Turbo (500 Chips)', 'HOLDEM', '1.05', 17377242, '', '0.00', 5, '01-12-2017'),
(216, 'STT', 'Hyper Turbo (500 Chips)', 'HOLDEM', '1.05', 17377252, '', '0.00', 5, '01-12-2017'),
(217, 'STT', 'Hyper Turbo (500 Chips)', 'HOLDEM', '1.05', 17377278, '', '0.00', 6, '01-12-2017'),
(218, 'STT', 'Hyper Turbo (500 Chips)', 'HOLDEM', '1.05', 17377293, '', '2.10', 2, '01-12-2017'),
(219, 'STT', 'Hyper Turbo (500 Chips)', 'HOLDEM', '1.05', 17377305, '', '0.00', 4, '01-12-2017'),
(220, 'STT', 'Hyper Turbo (500 Chips)', 'HOLDEM', '1.05', 17377353, '', '3.90', 1, '01-12-2017'),
(221, 'STT', 'Hyper Turbo (500 Chips)', 'HOLDEM', '1.05', 17381482, '', '0.00', 4, '01-13-2017'),
(222, 'STT', 'Hyper Turbo (500 Chips)', 'HOLDEM', '1.05', 17381496, '', '2.10', 2, '01-13-2017'),
(223, 'STT', 'Hyper Turbo (500 Chips)', 'HOLDEM', '1.05', 17381514, '', '0.00', 3, '01-13-2017'),
(224, 'STT', 'Hyper Turbo (500 Chips)', 'HOLDEM', '1.05', 17381546, '', '3.90', 1, '01-13-2017'),
(225, 'STT', 'Hyper Turbo (500 Chips)', 'HOLDEM', '1.05', 17381555, '', '0.00', 4, '01-13-2017'),
(226, 'STT', 'Hyper Turbo (500 Chips)', 'HOLDEM', '1.05', 17381579, '', '2.10', 2, '01-13-2017'),
(227, 'STT', 'Hyper Turbo (500 Chips)', 'HOLDEM', '1.05', 17381589, '', '3.90', 1, '01-13-2017'),
(228, 'STT', 'Hyper Turbo (500 Chips)', 'HOLDEM', '1.05', 17381605, '', '0.00', 4, '01-13-2017'),
(229, 'STT', 'Hyper Turbo (500 Chips)', 'HOLDEM', '1.05', 17381614, '', '0.00', 6, '01-13-2017');

-- --------------------------------------------------------

--
-- Table structure for table `preflop_actions`
--

CREATE TABLE `preflop_actions` (
  `id` int(10) NOT NULL,
  `chips` int(10) NOT NULL,
  `big_blind` int(10) NOT NULL,
  `action` varchar(100) NOT NULL,
  `hand` varchar(5) NOT NULL,
  `position` varchar(20) NOT NULL,
  `bbs_remaining` int(5) NOT NULL,
  `total_players` int(2) NOT NULL,
  `hand_id` varchar(100) NOT NULL,
  `bet` int(10) NOT NULL,
  `effective_bet_bbs` int(10) NOT NULL,
  `last_raise_position` varchar(20) NOT NULL,
  `is_me` int(1) NOT NULL,
  `players_to_act` int(2) NOT NULL,
  `history_id` int(10) NOT NULL,
  `effective_stack_bbs` int(10) NOT NULL,
  `time_stamp` datetime NOT NULL DEFAULT CURRENT_TIMESTAMP
) ENGINE=InnoDB DEFAULT CHARSET=latin1;

--
-- Dumping data for table `preflop_actions`
--

INSERT INTO `preflop_actions` (`id`, `chips`, `big_blind`, `action`, `hand`, `position`, `bbs_remaining`, `total_players`, `hand_id`, `bet`, `effective_bet_bbs`, `last_raise_position`, `is_me`, `players_to_act`, `history_id`, `effective_stack_bbs`, `time_stamp`) VALUES
(36357, 500, 20, 'shove.', 'AJo', 'UTG', 25, 6, '3491671167', 413, 21, '', 1, 5, 180, 25, '2017-01-31 16:23:05'),
(36358, 490, 20, 'open bet.', '77', 'Dealer', 25, 6, '3491671343', 70, 4, '', 0, 2, 180, 24, '2017-01-31 16:23:05'),
(36359, 530, 20, 'shove.', 'A9o', 'Big Blind', 27, 6, '3491671343', 526, 26, '', 1, 1, 180, 25, '2017-01-31 16:23:05'),
(36360, 490, 20, 'open bet.call shove.', '77', 'Dealer', 25, 6, '3491671343', 420, 21, 'Big Blind', 0, 1, 180, 25, '2017-01-31 16:23:05'),
(36361, 500, 20, 'open bet.', 'AQs', 'UTG', 25, 5, '3491671495', 40, 2, '', 0, 4, 180, 24, '2017-01-31 16:23:05'),
(36362, 500, 20, 'call.', 'T8s', 'Big Blind', 25, 5, '3491671495', 0, 1, '', 0, 1, 180, 25, '2017-01-31 16:23:05'),
(36363, 560, 20, 'open bet.', 'A3s', 'Small Blind', 28, 5, '3491671727', 40, 2, '', 0, 1, 180, 25, '2017-01-31 16:23:05'),
(36364, 580, 20, 'open bet.', 'QQ', 'UTG+1', 29, 5, '3491671825', 40, 2, '', 0, 3, 180, 24, '2017-01-31 16:23:05'),
(36365, 1020, 20, 'call.', '55', 'Big Blind', 51, 5, '3491671825', 0, 1, '', 1, 1, 180, 29, '2017-01-31 16:23:06'),
(36366, 980, 30, 'open bet.', '96s', 'Small Blind', 33, 5, '3491671963', 60, 2, '', 1, 1, 180, 15, '2017-01-31 16:23:06'),
(36367, 630, 30, 'open bet.', 'K8s', 'Dealer', 21, 5, '3491672119', 60, 2, '', 0, 2, 180, 16, '2017-01-31 16:23:06'),
(36368, 405, 30, 'open bet.', 'A7o', 'UTG', 14, 5, '3491672179', 60, 2, '', 0, 4, 180, 14, '2017-01-31 16:23:06'),
(36369, 980, 30, 'shove.', 'A9o', 'Small Blind', 33, 5, '3491672247', 935, 31, '', 1, 1, 180, 15, '2017-01-31 16:23:06'),
(36370, 405, 30, 'open bet.', 'QTo', 'Dealer', 14, 5, '3491672344', 60, 2, '', 0, 2, 180, 14, '2017-01-31 16:23:06'),
(36371, 470, 30, 'call.', 'J7s', 'Big Blind', 16, 5, '3491672344', 0, 1, '', 0, 1, 180, 14, '2017-01-31 16:23:06'),
(36372, 675, 30, 'open bet.', 'KQo', 'Dealer', 23, 5, '3491672443', 60, 2, '', 0, 2, 180, 14, '2017-01-31 16:23:06'),
(36373, 720, 30, 'open limp.', 'ATo', 'UTG+1', 24, 5, '3491672513', 0, 1, '', 0, 3, 180, 13, '2017-01-31 16:23:06'),
(36374, 1090, 50, 'open bet.', 'T9s', 'Dealer', 22, 5, '3491672710', 100, 2, '', 1, 2, 180, 10, '2017-01-31 16:23:06'),
(36375, 1165, 50, 'shove.', 'AKo', 'UTG+1', 23, 5, '3491672780', 1070, 21, '', 1, 3, 180, 8, '2017-01-31 16:23:06'),
(36376, 480, 50, 'shove.', 'A3o', 'UTG+1', 10, 5, '3491672818', 480, 10, '', 0, 3, 180, 7, '2017-01-31 16:23:06'),
(36377, 320, 50, 'shove.', '77', 'UTG+1', 6, 5, '3491672981', 320, 6, '', 0, 3, 180, 6, '2017-01-31 16:23:06'),
(36378, 505, 50, 'open bet.', 'A8o', 'Small Blind', 10, 5, '3491673140', 100, 2, '', 0, 1, 180, 8, '2017-01-31 16:23:06'),
(36379, 555, 50, 'open bet.', 'A2o', 'Dealer', 11, 5, '3491673177', 100, 2, '', 0, 2, 180, 6, '2017-01-31 16:23:06'),
(36380, 555, 50, 'shove.', 'AJo', 'UTG', 11, 5, '3491673258', 555, 11, '', 0, 4, 180, 5, '2017-01-31 16:23:06'),
(36381, 630, 50, 'shove.', 'QQ', 'UTG+1', 13, 5, '3491673258', 630, 13, '', 0, 4, 180, 5, '2017-01-31 16:23:06'),
(36382, 1140, 100, 'open bet.', 'K6o', 'Dealer', 11, 4, '3491673379', 200, 2, '', 1, 2, 180, 3, '2017-01-31 16:23:06'),
(36383, 1290, 100, 'open bet.', 'A2o', 'UTG', 13, 4, '3491673452', 200, 2, '', 1, 3, 180, 2, '2017-01-31 16:23:06'),
(36384, 1290, 100, 'open bet.call.', 'A2o', 'UTG', 13, 4, '3491673452', 0, 0, '', 1, 1, 180, 2, '2017-01-31 16:23:06'),
(36385, 170, 100, 'shove.', 'A7s', 'UTG', 2, 3, '3491673568', 170, 2, '', 0, 2, 180, 2, '2017-01-31 16:23:06'),
(36386, 1260, 100, 'call.', '54s', 'Big Blind', 13, 3, '3491673568', 0, 1, '', 0, 1, 180, 2, '2017-01-31 16:23:06'),
(36387, 1570, 100, 'open bet.', 'AQo', 'Dealer', 16, 2, '3491673666', 200, 2, '', 1, 1, 180, 14, '2017-01-31 16:23:06'),
(36388, 1430, 100, 'call.', '76s', 'Big Blind', 14, 2, '3491673666', 0, 1, '', 0, 1, 180, 14, '2017-01-31 16:23:06'),
(36389, 1820, 100, 'open bet.', 'AKo', 'Dealer', 18, 2, '3491673760', 200, 2, '', 1, 1, 180, 12, '2017-01-31 16:23:06'),
(36390, 1820, 100, 'open bet.call.', 'AKo', 'Dealer', 18, 2, '3491673760', 0, 10, '', 1, 1, 180, 12, '2017-01-31 16:23:06'),
(36391, 690, 100, 'shove.', 'Q5s', 'Dealer', 7, 2, '3491673886', 686, 7, '', 1, 1, 180, 7, '2017-01-31 16:23:06'),
(36392, 865, 150, 'shove.', 'A8o', 'Dealer', 6, 2, '3491674024', 829, 6, '', 1, 1, 180, 6, '2017-01-31 16:23:06'),
(36393, 1090, 150, 'shove.', 'A7s', 'Dealer', 7, 2, '3491674110', 1066, 7, '', 1, 1, 180, 7, '2017-01-31 16:23:06'),
(36394, 1760, 150, 'open bet.', 'K6s', 'Dealer', 12, 2, '3491674149', 300, 2, '', 0, 1, 180, 8, '2017-01-31 16:23:06'),
(36395, 1090, 150, 'shove.', '44', 'Dealer', 7, 2, '3491674181', 1044, 7, '', 1, 1, 180, 7, '2017-01-31 16:23:06'),
(36396, 1760, 150, 'open bet.', 'AJo', 'Dealer', 12, 2, '3491674226', 300, 2, '', 0, 1, 180, 8, '2017-01-31 16:23:06'),
(36397, 1090, 150, 'shove.', '76o', 'Dealer', 7, 2, '3491674257', 1090, 7, '', 1, 1, 180, 7, '2017-01-31 16:23:06'),
(36398, 1315, 150, 'shove.', 'KJs', 'Dealer', 9, 2, '3491674328', 1315, 9, '', 1, 1, 180, 9, '2017-01-31 16:23:06'),
(36399, 1540, 150, 'open bet.', 'Q4o', 'Dealer', 10, 2, '3491674397', 300, 2, '', 1, 1, 180, 10, '2017-01-31 16:23:06'),
(36400, 1460, 150, 'call.', '84s', 'Big Blind', 10, 2, '3491674397', 0, 1, '', 0, 1, 180, 10, '2017-01-31 16:23:06'),
(36401, 1915, 150, 'open bet.', '54o', 'Dealer', 13, 2, '3491674526', 300, 2, '', 1, 1, 180, 7, '2017-01-31 16:23:06'),
(36402, 960, 200, 'shove.', 'J7o', 'Dealer', 5, 2, '3491674608', 960, 5, '', 0, 1, 180, 5, '2017-01-31 16:23:06'),
(36403, 2040, 200, 'call.', 'Q4o', 'Big Blind', 10, 2, '3491674608', 0, 4, '', 1, 1, 180, 5, '2017-01-31 16:23:06'),
(36404, 500, 20, 'open limp.', '96o', 'UTG+1', 25, 6, '3491924048', 0, 1, '', 0, 4, 183, 25, '2017-01-31 16:23:06'),
(36405, 500, 20, 'open limp.', 'AA', 'Small Blind', 25, 6, '3491924048', 0, 1, '', 0, 2, 183, 25, '2017-01-31 16:23:06'),
(36406, 500, 20, 'open bet.', 'QJo', 'UTG', 25, 4, '3491924778', 50, 3, '', 0, 3, 183, 25, '2017-01-31 16:23:06'),
(36407, 1500, 20, 'call.', 'KJo', 'Small Blind', 75, 4, '3491924778', 0, 2, '', 1, 2, 183, 25, '2017-01-31 16:23:06'),
(36408, 1450, 20, 'open bet.', 'K9o', 'Dealer', 73, 4, '3491925118', 60, 3, '', 1, 2, 183, 24, '2017-01-31 16:23:06'),
(36409, 570, 20, 'call.', '86s', 'Big Blind', 29, 4, '3491925118', 0, 2, '', 0, 1, 183, 29, '2017-01-31 16:23:06'),
(36410, 2030, 30, 'open bet.', '97o', 'UTG', 68, 3, '3491925528', 60, 2, '', 1, 2, 183, 16, '2017-01-31 16:23:06'),
(36411, 500, 30, 'call.', '97o', 'Big Blind', 17, 3, '3491925528', 0, 1, '', 0, 1, 183, 17, '2017-01-31 16:23:06'),
(36412, 440, 30, 'open limp.', 'K4o', 'Small Blind', 15, 3, '3491925724', 0, 1, '', 0, 1, 183, 15, '2017-01-31 16:23:06'),
(36413, 410, 30, 'shove.', 'KQs', 'Dealer', 14, 3, '3491925993', 410, 14, '', 0, 2, 183, 14, '2017-01-31 16:23:06'),
(36414, 2105, 30, 'open bet.', 'K8s', 'Dealer', 70, 3, '3491926114', 60, 2, '', 1, 2, 183, 15, '2017-01-31 16:23:06'),
(36415, 455, 30, 'call.', 'J3o', 'Big Blind', 15, 3, '3491926114', 0, 1, '', 0, 1, 183, 15, '2017-01-31 16:23:06'),
(36416, 425, 30, 'open bet.', 'A6o', 'Dealer', 14, 3, '3491926397', 120, 4, '', 0, 2, 183, 13, '2017-01-31 16:23:06'),
(36417, 425, 30, 'open bet.call shove.', 'A6o', 'Dealer', 14, 3, '3491926397', 305, 10, 'Dealer', 0, 1, 183, 14, '2017-01-31 16:23:06'),
(36418, 2188, 30, 'shove.', '88', 'Small Blind', 73, 3, '3491926592', 1866, 62, '', 1, 1, 183, 14, '2017-01-31 16:23:06'),
(36419, 2218, 30, 'open bet.', '97o', 'Dealer', 74, 3, '3491926696', 60, 2, '', 1, 2, 183, 13, '2017-01-31 16:23:06'),
(36420, 380, 30, 'call.', '83o', 'Big Blind', 13, 3, '3491926696', 0, 1, '', 0, 1, 183, 13, '2017-01-31 16:23:06'),
(36421, 350, 50, 'open limp.', 'KTo', 'Dealer', 7, 3, '3491926991', 0, 1, '', 0, 2, 183, 7, '2017-01-31 16:23:06'),
(36422, 462, 50, 'open bet.', 'A3o', 'Small Blind', 9, 3, '3491927262', 300, 6, '', 0, 1, 183, 6, '2017-01-31 16:23:06'),
(36423, 512, 50, 'open bet.', 'A7o', 'Dealer', 10, 3, '3491927421', 200, 4, '', 0, 2, 183, 5, '2017-01-31 16:23:06'),
(36424, 2463, 50, 'open bet.', '94s', 'Small Blind', 49, 3, '3491927603', 1214, 24, '', 1, 1, 183, 6, '2017-01-31 16:23:06'),
(36425, 2513, 50, 'open bet.', 'T2s', 'Dealer', 50, 3, '3491927704', 1728, 35, '', 1, 2, 183, 5, '2017-01-31 16:23:06'),
(36426, 237, 50, 'shove.', 'J8s', 'Dealer', 5, 3, '3491927804', 200, 4, '', 0, 1, 183, 4, '2017-01-31 16:23:06'),
(36427, 2588, 50, 'shove.', 'QTo', 'Big Blind', 52, 3, '3491927804', 2121, 42, '', 1, 1, 183, 4, '2017-01-31 16:23:06'),
(36428, 237, 50, 'shove.call shove.', 'J8s', 'Dealer', 5, 3, '3491927804', 249, 5, 'Big Blind', 0, 1, 183, 4, '2017-01-31 16:23:06'),
(36429, 474, 50, 'open bet.', 'Q7s', 'Small Blind', 9, 3, '3491927979', 100, 2, '', 0, 1, 183, 3, '2017-01-31 16:23:06'),
(36430, 474, 50, 'open bet.call.', 'Q7s', 'Small Blind', 9, 3, '3491927979', 0, 1, '', 0, 1, 183, 3, '2017-01-31 16:23:06'),
(36431, 2401, 50, 'open bet.', 'JJ', 'Dealer', 48, 2, '3491928206', 100, 2, '', 1, 1, 183, 12, '2017-01-31 16:23:06'),
(36432, 599, 50, 'call.', '32s', 'Big Blind', 12, 2, '3491928206', 0, 1, '', 0, 1, 183, 12, '2017-01-31 16:23:06'),
(36433, 449, 100, 'open bet.', 'J8s', 'Dealer', 4, 2, '3491928488', 200, 2, '', 0, 1, 183, 4, '2017-01-31 16:23:06'),
(36434, 2551, 100, 'shove.', 'QTo', 'Big Blind', 26, 2, '3491928488', 2121, 21, '', 1, 1, 183, 4, '2017-01-31 16:23:06'),
(36435, 449, 100, 'open bet.call shove.', 'J8s', 'Dealer', 4, 2, '3491928488', 249, 2, 'Big Blind', 0, 1, 183, 4, '2017-01-31 16:23:06'),
(36436, 500, 20, 'open limp.', '82s', 'UTG', 25, 6, '3491925287', 0, 1, '', 0, 5, 184, 25, '2017-01-31 16:23:06'),
(36437, 500, 20, 'open bet.', 'TT', 'UTG+1', 25, 6, '3491925287', 70, 4, '', 0, 5, 184, 25, '2017-01-31 16:23:06'),
(36438, 500, 20, 'call.', 'KQs', 'Dealer', 25, 6, '3491925287', 0, 4, '', 0, 4, 184, 25, '2017-01-31 16:23:06'),
(36439, 500, 20, 'open limp.call.', '82s', 'UTG', 25, 6, '3491925287', 0, 3, '', 0, 2, 184, 25, '2017-01-31 16:23:06'),
(36440, 430, 20, 'open bet.', 'KJs', 'UTG', 22, 6, '3491925971', 40, 2, '', 0, 5, 184, 22, '2017-01-31 16:23:06'),
(36441, 430, 20, 'call.', '75s', 'Big Blind', 22, 6, '3491925971', 0, 1, '', 0, 1, 184, 22, '2017-01-31 16:23:06'),
(36442, 670, 20, 'open limp.', 'A3o', 'UTG+1', 34, 6, '3491926297', 0, 1, '', 0, 4, 184, 20, '2017-01-31 16:23:06'),
(36443, 470, 20, 'open limp.', '43s', 'Dealer', 24, 6, '3491926297', 0, 1, '', 0, 3, 184, 20, '2017-01-31 16:23:06'),
(36444, 390, 20, 'open limp.', 'Q6s', 'Small Blind', 20, 6, '3491926297', 0, 1, '', 0, 3, 184, 20, '2017-01-31 16:23:06'),
(36445, 590, 30, 'open bet.', 'KQo', 'UTG+1', 20, 6, '3491926986', 90, 3, '', 0, 4, 184, 12, '2017-01-31 16:23:06'),
(36446, 370, 30, 'call.', 'J9s', 'UTG+2', 12, 6, '3491926986', 0, 3, '', 0, 4, 184, 12, '2017-01-31 16:23:06'),
(36447, 590, 30, 'call.', 'A7o', 'Big Blind', 20, 6, '3491926986', 0, 2, '', 0, 2, 184, 12, '2017-01-31 16:23:06'),
(36448, 358, 30, 'shove.', 'ATo', 'UTG', 12, 6, '3491927419', 358, 12, '', 0, 5, 184, 5, '2017-01-31 16:23:06'),
(36449, 445, 30, 'shove.', 'AQs', 'UTG+2', 15, 6, '3491927419', 445, 15, '', 0, 4, 184, 12, '2017-01-31 16:23:06'),
(36450, 1054, 30, 'open bet.', 'K9o', 'Dealer', 35, 5, '3491927702', 60, 2, '', 0, 2, 184, 5, '2017-01-31 16:23:06'),
(36451, 138, 30, 'call.', 'KQs', 'Big Blind', 5, 5, '3491927702', 0, 1, '', 0, 1, 184, 5, '2017-01-31 16:23:06'),
(36452, 916, 30, 'open limp.', 'K5o', 'UTG+1', 31, 5, '3491927927', 0, 1, '', 0, 3, 184, 10, '2017-01-31 16:23:06'),
(36453, 291, 30, 'open limp.', 'JTo', 'Small Blind', 10, 5, '3491927927', 0, 1, '', 0, 2, 184, 10, '2017-01-31 16:23:06'),
(36454, 625, 50, 'open limp.', 'Q8s', 'UTG', 13, 5, '3491928195', 0, 1, '', 0, 4, 184, 9, '2017-01-31 16:23:06'),
(36455, 612, 50, 'open limp.', '85s', 'Dealer', 12, 5, '3491928195', 0, 1, '', 0, 3, 184, 10, '2017-01-31 16:23:06'),
(36456, 837, 50, 'open limp.', 'K8s', 'UTG+1', 17, 5, '3491928663', 0, 1, '', 0, 3, 184, 9, '2017-01-31 16:23:06'),
(36457, 1337, 50, 'open limp.', '86o', 'UTG', 27, 4, '3491929124', 0, 1, '', 0, 3, 184, 9, '2017-01-31 16:23:06'),
(36458, 793, 50, 'shove.', 'KJo', 'UTG', 16, 4, '3491929474', 793, 16, '', 0, 3, 184, 9, '2017-01-31 16:23:06'),
(36459, 1237, 100, 'call.', '74o', 'Small Blind', 12, 4, '3491929708', 0, 1, '', 0, 1, 184, 3, '2017-01-31 16:23:06'),
(36460, 1237, 100, 'call.call.', '74o', 'Small Blind', 12, 4, '3491929708', 0, 2, '', 0, 1, 184, 3, '2017-01-31 16:23:06'),
(36461, 939, 100, 'open limp.', '33', 'Dealer', 9, 4, '3491929983', 0, 1, '', 0, 2, 184, 4, '2017-01-31 16:23:06'),
(36462, 939, 100, 'open limp.call.', '33', 'Dealer', 9, 4, '3491929983', 0, 5, '', 0, 1, 184, 6, '2017-01-31 16:23:06'),
(36463, 325, 100, 'shove.', 'T2o', 'Small Blind', 3, 3, '3491930279', 324, 3, '', 0, 1, 184, 3, '2017-01-31 16:23:06'),
(36464, 1040, 100, 'open bet.', 'AKo', 'Big Blind', 10, 3, '3491930279', 548, 5, '', 1, 1, 184, 3, '2017-01-31 16:23:06'),
(36465, 1365, 100, 'shove.', 'KQo', 'Dealer', 14, 2, '3491930568', 1365, 14, '', 1, 1, 184, 14, '2017-01-31 16:23:06'),
(36466, 1535, 100, 'call.', 'T3o', 'Dealer', 15, 2, '3491930711', 0, 1, '', 0, 1, 184, 15, '2017-01-31 16:23:06'),
(36467, 1565, 100, 'open bet.', 'A5s', 'Dealer', 16, 2, '3491930918', 200, 2, '', 1, 1, 184, 14, '2017-01-31 16:23:07'),
(36468, 1335, 100, 'call.', 'A6o', 'Dealer', 13, 2, '3491931007', 0, 1, '', 0, 1, 184, 13, '2017-01-31 16:23:07'),
(36469, 1765, 150, 'open bet.', 'K3o', 'Dealer', 12, 2, '3491931139', 300, 2, '', 1, 1, 184, 8, '2017-01-31 16:23:07'),
(36470, 1235, 150, 'call.', 'J2o', 'Big Blind', 8, 2, '3491931139', 0, 1, '', 0, 1, 184, 8, '2017-01-31 16:23:07'),
(36471, 935, 150, 'call.', 'JTo', 'Dealer', 6, 2, '3491931469', 0, 1, '', 0, 1, 184, 6, '2017-01-31 16:23:07'),
(36472, 2365, 150, 'shove.', 'Q2o', 'Dealer', 16, 2, '3491931786', 1949, 13, '', 1, 1, 184, 4, '2017-01-31 16:23:07'),
(36473, 1270, 150, 'call.', 'J8o', 'Dealer', 8, 2, '3491931950', 0, 1, '', 0, 1, 184, 8, '2017-01-31 16:23:07'),
(36474, 1880, 150, 'open bet.', 'T6o', 'Dealer', 13, 2, '3491932163', 300, 2, '', 1, 1, 184, 7, '2017-01-31 16:23:07'),
(36475, 1120, 150, 'call.', 'A6o', 'Big Blind', 7, 2, '3491932163', 0, 1, '', 0, 1, 184, 7, '2017-01-31 16:23:07'),
(36476, 2240, 150, 'open bet.', 'A3o', 'Dealer', 15, 2, '3491932555', 300, 2, '', 0, 1, 184, 5, '2017-01-31 16:23:07'),
(36477, 2240, 150, 'open bet.call.', 'A3o', 'Dealer', 15, 2, '3491932555', 0, 3, '', 0, 1, 184, 5, '2017-01-31 16:23:07'),
(36478, 760, 200, 'shove.', '88', 'Dealer', 4, 2, '3491932762', 760, 4, '', 1, 1, 184, 4, '2017-01-31 16:23:07'),
(36479, 2240, 200, 'call.', 'K4o', 'Big Blind', 11, 2, '3491932762', 0, 3, '', 0, 1, 184, 4, '2017-01-31 16:23:07'),
(36480, 1620, 200, 'open bet.', 'A2o', 'Dealer', 8, 2, '3491932978', 1024, 5, '', 1, 1, 184, 7, '2017-01-31 16:23:07'),
(36481, 1180, 200, 'open bet.', '77', 'Dealer', 6, 2, '3491933087', 400, 2, '', 0, 1, 184, 6, '2017-01-31 16:23:07'),
(36482, 1820, 200, 'call.', 'A3s', 'Big Blind', 9, 2, '3491933087', 0, 1, '', 1, 1, 184, 6, '2017-01-31 16:23:07'),
(36483, 1680, 200, 'open limp.', 'J9o', 'Dealer', 8, 2, '3491933389', 0, 1, '', 0, 1, 184, 7, '2017-01-31 16:23:07'),
(36484, 1520, 200, 'shove.', 'A7o', 'Dealer', 8, 2, '3491933518', 1520, 8, '', 1, 1, 184, 7, '2017-01-31 16:23:07'),
(36485, 1820, 200, 'open limp.', 'T9o', 'Dealer', 9, 2, '3491933872', 0, 1, '', 1, 1, 184, 6, '2017-01-31 16:23:07'),
(36486, 580, 200, 'shove.', 'JTs', 'Dealer', 3, 2, '3491934174', 580, 3, '', 0, 1, 184, 3, '2017-01-31 16:23:07'),
(36487, 2420, 200, 'call.', 'J6s', 'Big Blind', 12, 2, '3491934174', 0, 2, '', 1, 1, 184, 3, '2017-01-31 16:23:07'),
(36488, 2420, 300, 'open bet.', 'J5s', 'Dealer', 8, 2, '3491934366', 1622, 5, '', 1, 1, 184, 2, '2017-01-31 16:23:07'),
(36489, 2020, 300, 'shove.', 'QTo', 'Dealer', 7, 2, '3491934972', 1990, 7, '', 1, 1, 184, 3, '2017-01-31 16:23:07'),
(36490, 1960, 300, 'open limp.', 'A6s', 'Dealer', 7, 2, '3491935108', 0, 1, '', 0, 1, 184, 3, '2017-01-31 16:23:07'),
(36491, 1960, 300, 'open limp.call.', 'A6s', 'Dealer', 7, 2, '3491935108', 0, 2, '', 0, 1, 184, 3, '2017-01-31 16:23:07'),
(36492, 500, 20, 'open limp.', '98o', 'UTG+1', 25, 6, '3491928973', 0, 1, '', 0, 4, 185, 25, '2017-01-31 16:23:07'),
(36493, 500, 20, 'open limp.', 'K9s', 'UTG+2', 25, 6, '3491928973', 0, 1, '', 0, 4, 185, 25, '2017-01-31 16:23:07'),
(36494, 480, 20, 'open limp.', '54s', 'UTG', 24, 6, '3491929601', 0, 1, '', 0, 5, 185, 24, '2017-01-31 16:23:07'),
(36495, 550, 20, 'open bet.', '66', 'UTG+1', 28, 6, '3491929601', 90, 5, '', 0, 5, 185, 24, '2017-01-31 16:23:07'),
(36496, 500, 20, 'call.', '44', 'UTG+2', 25, 6, '3491929601', 0, 5, '', 0, 5, 185, 24, '2017-01-31 16:23:07'),
(36497, 480, 20, 'open limp.call.', '54s', 'UTG', 24, 6, '3491929601', 0, 4, '', 0, 2, 185, 24, '2017-01-31 16:23:07'),
(36498, 810, 20, 'open bet.', 'ATo', 'UTG+1', 41, 6, '3491930024', 100, 5, '', 0, 4, 185, 15, '2017-01-31 16:23:07'),
(36499, 470, 20, 'open bet.', 'AJo', 'UTG+2', 24, 6, '3491930189', 70, 4, '', 0, 3, 185, 14, '2017-01-31 16:23:07'),
(36500, 460, 20, 'call.', '73s', 'Big Blind', 23, 6, '3491930189', 0, 3, '', 0, 1, 185, 23, '2017-01-31 16:23:07'),
(36501, 260, 30, 'shove.', 'AQo', 'UTG+2', 9, 6, '3491930751', 249, 8, '', 0, 3, 185, 9, '2017-01-31 16:23:07'),
(36502, 375, 30, 'open limp.', 'Q9s', 'UTG+2', 13, 6, '3491930968', 0, 1, '', 0, 3, 185, 13, '2017-01-31 16:23:07'),
(36503, 840, 30, 'open limp.', 'QJo', 'Dealer', 28, 6, '3491930968', 0, 1, '', 0, 3, 185, 13, '2017-01-31 16:23:07'),
(36504, 460, 30, 'open limp.', 'T7s', 'Small Blind', 15, 6, '3491930968', 0, 1, '', 0, 3, 185, 13, '2017-01-31 16:23:07'),
(36505, 520, 30, 'open limp.', 'J9o', 'Small Blind', 17, 6, '3491931430', 0, 1, '', 0, 1, 185, 16, '2017-01-31 16:23:07'),
(36506, 45, 30, 'shove.', 'A8o', 'UTG', 2, 6, '3491931960', 45, 2, '', 0, 5, 185, 2, '2017-01-31 16:23:07'),
(36507, 690, 30, 'call.', 'J7s', 'UTG+1', 23, 6, '3491931960', 0, 2, '', 0, 5, 185, 2, '2017-01-31 16:23:07'),
(36508, 590, 50, 'open bet.', 'KJo', 'Dealer', 12, 5, '3491932199', 190, 4, '', 1, 2, 185, 6, '2017-01-31 16:23:07'),
(36509, 590, 50, 'open bet.call.', 'KJo', 'Dealer', 12, 5, '3491932199', 0, 2, '', 1, 1, 185, 6, '2017-01-31 16:23:07'),
(36510, 915, 50, 'shove.', 'AKs', 'UTG+1', 18, 4, '3491932388', 915, 18, '', 1, 2, 185, 12, '2017-01-31 16:23:07'),
(36511, 990, 50, 'open bet.', 'TT', 'UTG', 20, 4, '3491932592', 100, 2, '', 1, 3, 185, 10, '2017-01-31 16:23:07'),
(36512, 570, 50, 'open bet.', '99', 'Dealer', 11, 4, '3491932592', 450, 9, '', 0, 3, 185, 10, '2017-01-31 16:23:07'),
(36513, 990, 50, 'open bet.shove.', 'TT', 'UTG', 20, 4, '3491932592', 990, 20, 'UTG', 1, 1, 185, 11, '2017-01-31 16:23:07'),
(36514, 570, 50, 'open bet.call shove.', '99', 'Dealer', 11, 4, '3491932592', 120, 2, 'UTG', 0, 1, 185, 11, '2017-01-31 16:23:07'),
(36515, 1635, 50, 'open limp.', '77', 'Big Blind', 33, 3, '3491932842', 0, 8, '', 1, 1, 185, 9, '2017-01-31 16:23:07'),
(36516, 1215, 50, 'open bet.', 'Q9o', 'Dealer', 24, 3, '3491933146', 100, 2, '', 1, 2, 185, 17, '2017-01-31 16:23:07'),
(36517, 865, 50, 'open bet.', 'AJo', 'Dealer', 17, 3, '3491933615', 124, 2, '', 0, 2, 185, 17, '2017-01-31 16:23:07'),
(36518, 865, 50, 'open bet.call shove.', 'AJo', 'Dealer', 17, 3, '3491933615', 741, 15, 'Dealer', 0, 1, 185, 17, '2017-01-31 16:23:07'),
(36519, 1115, 100, 'open bet.', 'A4s', 'Dealer', 11, 3, '3491933933', 200, 2, '', 1, 2, 185, 1, '2017-01-31 16:23:07'),
(36520, 1755, 100, 'call.', 'T9o', 'Big Blind', 18, 3, '3491933933', 0, 1, '', 0, 2, 185, 1, '2017-01-31 16:23:07'),
(36521, 1505, 100, 'open bet.', 'J9o', 'Dealer', 15, 3, '3491934455', 316, 3, '', 0, 2, 185, 4, '2017-01-31 16:23:07'),
(36522, 1055, 100, 'open bet.', 'KK', 'Dealer', 11, 3, '3491934632', 200, 2, '', 1, 2, 185, 3, '2017-01-31 16:23:07'),
(36523, 1655, 100, 'shove.', 'TT', 'Big Blind', 17, 3, '3491934632', 1650, 17, '', 0, 1, 185, 11, '2017-01-31 16:23:07'),
(36524, 1055, 100, 'open bet.call shove.', 'KK', 'Dealer', 11, 3, '3491934632', 855, 9, 'Big Blind', 1, 1, 185, 11, '2017-01-31 16:23:07'),
(36525, 240, 100, 'shove.', '76s', 'Dealer', 2, 3, '3491934904', 240, 2, '', 0, 2, 185, 2, '2017-01-31 16:23:07'),
(36526, 2160, 100, 'call.', 'K7o', 'Big Blind', 22, 3, '3491934904', 0, 1, '', 1, 1, 185, 2, '2017-01-31 16:23:07'),
(36527, 2450, 100, 'open bet.', '62s', 'Dealer', 25, 2, '3491935043', 667, 7, '', 1, 1, 185, 6, '2017-01-31 16:23:07'),
(36528, 1100, 100, 'call.', '64s', 'Dealer', 11, 2, '3491935222', 0, 1, '', 0, 1, 185, 11, '2017-01-31 16:23:07'),
(36529, 1800, 150, 'shove.', 'K8o', 'Dealer', 12, 2, '3491935519', 1481, 10, '', 1, 1, 185, 8, '2017-01-31 16:23:07'),
(36530, 500, 20, 'open bet.', '43o', 'Small Blind', 25, 6, '3491935403', 50, 3, '', 0, 1, 186, 25, '2017-01-31 16:23:08'),
(36531, 500, 20, 'open limp.', 'AQo', 'UTG', 25, 6, '3491935850', 0, 1, '', 0, 5, 186, 24, '2017-01-31 16:23:08'),
(36532, 500, 20, 'shove.', 'AKo', 'UTG+1', 25, 6, '3491935850', 500, 25, '', 0, 5, 186, 24, '2017-01-31 16:23:08'),
(36533, 500, 20, 'open limp.call shove.', 'AQo', 'UTG', 25, 6, '3491935850', 480, 24, 'UTG+1', 0, 1, 186, 25, '2017-01-31 16:23:08'),
(36534, 520, 20, 'open bet.', 'AKo', 'UTG', 26, 5, '3491936224', 50, 3, '', 0, 4, 186, 24, '2017-01-31 16:23:08'),
(36535, 470, 20, 'shove.', 'AQo', 'UTG', 24, 5, '3491936491', 470, 24, '', 1, 4, 186, 24, '2017-01-31 16:23:08'),
(36536, 530, 20, 'open bet.', '63o', 'Small Blind', 27, 5, '3491936757', 50, 3, '', 0, 1, 186, 25, '2017-01-31 16:23:08'),
(36537, 470, 30, 'open bet.', '55', 'UTG+1', 16, 5, '3491936946', 64, 2, '', 0, 3, 186, 16, '2017-01-31 16:23:08'),
(36538, 470, 30, 'call.', 'QJo', 'Big Blind', 16, 5, '3491936946', 0, 1, '', 0, 1, 186, 16, '2017-01-31 16:23:08'),
(36539, 624, 30, 'open limp.', 'ATo', 'Small Blind', 21, 5, '3491937461', 0, 1, '', 0, 1, 186, 21, '2017-01-31 16:23:08'),
(36540, 465, 30, 'open bet.', 'QJo', 'UTG+1', 16, 5, '3491937731', 60, 2, '', 1, 3, 186, 11, '2017-01-31 16:23:08'),
(36541, 654, 30, 'call.', 'KQs', 'Dealer', 22, 5, '3491937731', 0, 2, '', 0, 3, 186, 11, '2017-01-31 16:23:08'),
(36542, 331, 30, 'call.', 'K5s', 'Big Blind', 11, 5, '3491937731', 0, 1, '', 0, 2, 186, 11, '2017-01-31 16:23:08'),
(36543, 405, 50, 'open bet.', 'QQ', 'UTG', 8, 5, '3491938329', 100, 2, '', 1, 4, 186, 5, '2017-01-31 16:23:08'),
(36544, 550, 50, 'shove.', 'KJo', 'Big Blind', 11, 5, '3491938329', 530, 11, '', 0, 1, 186, 8, '2017-01-31 16:23:08'),
(36545, 405, 50, 'open bet.call shove.', 'QQ', 'UTG', 8, 5, '3491938329', 305, 6, 'Big Blind', 1, 1, 186, 8, '2017-01-31 16:23:08'),
(36546, 500, 20, 'open limp.', '84s', 'UTG+1', 25, 6, '3491935965', 0, 1, '', 0, 4, 188, 25, '2017-01-31 16:23:08'),
(36547, 500, 20, 'open limp.', '66', 'Dealer', 25, 6, '3491935965', 0, 1, '', 0, 3, 188, 25, '2017-01-31 16:23:08'),
(36548, 500, 20, 'open limp.', '54s', 'Small Blind', 25, 6, '3491935965', 0, 1, '', 0, 3, 188, 25, '2017-01-31 16:23:08'),
(36549, 480, 20, 'open bet.', 'KK', 'UTG', 24, 6, '3491936739', 70, 4, '', 0, 5, 188, 22, '2017-01-31 16:23:08'),
(36550, 440, 20, 'call.', 'QJo', 'Dealer', 22, 6, '3491936739', 0, 4, '', 0, 3, 188, 22, '2017-01-31 16:23:08'),
(36551, 480, 20, 'call.', 'AKo', 'Small Blind', 24, 6, '3491936739', 0, 3, '', 0, 3, 188, 22, '2017-01-31 16:23:08'),
(36552, 370, 20, 'open bet.', 'KJo', 'UTG+2', 19, 6, '3491937103', 60, 3, '', 0, 3, 188, 19, '2017-01-31 16:23:08'),
(36553, 640, 20, 'call.', 'K7s', 'Big Blind', 32, 6, '3491937103', 0, 2, '', 0, 1, 188, 19, '2017-01-31 16:23:08'),
(36554, 1020, 20, 'open limp.', 'J4s', 'Small Blind', 51, 5, '3491937387', 0, 1, '', 0, 1, 188, 25, '2017-01-31 16:23:08'),
(36555, 1040, 30, 'open limp.', '75o', 'Dealer', 35, 5, '3491937803', 0, 1, '', 0, 2, 188, 16, '2017-01-31 16:23:08'),
(36556, 630, 30, 'open bet.', 'A2o', 'Dealer', 21, 5, '3491938338', 66, 2, '', 0, 2, 188, 14, '2017-01-31 16:23:08'),
(36557, 465, 30, 'open bet.', 'AJs', 'UTG', 16, 5, '3491938574', 60, 2, '', 0, 4, 188, 14, '2017-01-31 16:23:08'),
(36558, 1010, 30, 'call.', '94s', 'Big Blind', 34, 5, '3491938574', 0, 1, '', 0, 1, 188, 16, '2017-01-31 16:23:08'),
(36559, 675, 30, 'open bet.', 'ATo', 'UTG', 23, 5, '3491939003', 94, 3, '', 0, 4, 188, 14, '2017-01-31 16:23:08'),
(36560, 950, 30, 'call.', '75o', 'Small Blind', 32, 5, '3491939003', 0, 3, '', 0, 2, 188, 18, '2017-01-31 16:23:08'),
(36561, 1249, 50, 'open limp.', 'K8o', 'Dealer', 25, 5, '3491939522', 0, 1, '', 0, 2, 188, 8, '2017-01-31 16:23:08'),
(36562, 1199, 50, 'open bet.', 'A2o', 'UTG+1', 24, 5, '3491939679', 100, 2, '', 0, 3, 188, 7, '2017-01-31 16:23:08'),
(36563, 610, 50, 'shove.', 'KTs', 'UTG+1', 12, 5, '3491939888', 610, 12, '', 0, 3, 188, 7, '2017-01-31 16:23:08'),
(36564, 331, 50, 'shove.', '33', 'UTG+1', 7, 4, '3491940261', 331, 7, '', 0, 2, 188, 7, '2017-01-31 16:23:08'),
(36565, 1274, 50, 'call.', 'KTo', 'Big Blind', 25, 4, '3491940261', 0, 6, '', 0, 1, 188, 7, '2017-01-31 16:23:08'),
(36566, 1605, 50, 'open bet.', 'K8s', 'Dealer', 32, 3, '3491940611', 100, 2, '', 0, 2, 188, 4, '2017-01-31 16:23:08'),
(36567, 1605, 50, 'open bet.call.', 'K8s', 'Dealer', 32, 3, '3491940611', 0, 2, '', 0, 1, 188, 4, '2017-01-31 16:23:08'),
(36568, 1135, 50, 'open bet.', '83o', 'Dealer', 23, 2, '3491940818', 100, 2, '', 1, 1, 188, 23, '2017-01-31 16:23:08'),
(36569, 1865, 50, 'call.', 'T9o', 'Big Blind', 37, 2, '3491940818', 0, 1, '', 0, 1, 188, 23, '2017-01-31 16:23:08'),
(36570, 2015, 100, 'open bet.', 'AQo', 'Dealer', 20, 2, '3491941104', 300, 3, '', 0, 1, 188, 10, '2017-01-31 16:23:08'),
(36571, 2015, 100, 'open bet.call.', 'AQo', 'Dealer', 20, 2, '3491941104', 0, 7, '', 0, 1, 188, 10, '2017-01-31 16:23:08'),
(36572, 500, 20, 'open bet.', 'AKo', 'UTG+2', 25, 6, '3492034539', 40, 2, '', 0, 3, 189, 25, '2017-01-31 16:23:08'),
(36573, 500, 20, 'call.', 'A8s', 'Dealer', 25, 6, '3492034539', 0, 2, '', 0, 3, 189, 25, '2017-01-31 16:23:08'),
(36574, 500, 20, 'call.', 'J8o', 'Small Blind', 25, 6, '3492034539', 0, 2, '', 0, 3, 189, 25, '2017-01-31 16:23:08'),
(36575, 35, 20, 'shove.', '44', 'UTG+1', 2, 6, '3492034651', 35, 2, '', 0, 4, 189, 2, '2017-01-31 16:23:08'),
(36576, 1025, 20, 'call.', 'A3o', 'UTG+2', 51, 6, '3492034651', 0, 2, '', 0, 4, 189, 2, '2017-01-31 16:23:08'),
(36577, 460, 20, 'open bet.', 'A6s', 'Dealer', 23, 6, '3492034651', 115, 6, '', 0, 4, 189, 2, '2017-01-31 16:23:08'),
(36578, 480, 20, 'call.', 'KJo', 'Small Blind', 24, 6, '3492034651', 0, 5, 'UTG+1', 0, 4, 189, 2, '2017-01-31 16:23:08'),
(36579, 1025, 20, 'call.call.', 'A3o', 'UTG+2', 51, 6, '3492034651', 0, 4, 'UTG+1', 0, 3, 189, 2, '2017-01-31 16:23:08'),
(36580, 805, 30, 'open limp.', 'T7s', 'UTG+1', 27, 5, '3492034710', 0, 1, '', 0, 3, 189, 10, '2017-01-31 16:23:08'),
(36581, 480, 30, 'open bet.', 'JJ', 'Small Blind', 16, 5, '3492034710', 150, 5, '', 1, 2, 189, 16, '2017-01-31 16:23:08'),
(36582, 500, 20, 'shove.', 'JJ', 'UTG+1', 25, 6, '3492034876', 500, 25, '', 0, 4, 190, 25, '2017-01-31 16:23:08'),
(36583, 1010, 20, 'call.', 'KQs', 'Big Blind', 51, 5, '3492034942', 0, 24, '', 0, 2, 190, 25, '2017-01-31 16:23:08'),
(36584, 500, 20, 'shove.', 'JJ', 'UTG+1', 25, 6, '3492034968', 500, 25, '', 0, 4, 190, 25, '2017-01-31 16:23:08'),
(36585, 1010, 20, 'open bet.', 'KQo', 'Small Blind', 51, 5, '3492034968', 802, 40, '', 0, 2, 190, 25, '2017-01-31 16:23:08'),
(36586, 470, 20, 'open bet.', 'AQo', 'Dealer', 24, 5, '3492035015', 60, 3, '', 0, 2, 190, 24, '2017-01-31 16:23:08'),
(36587, 500, 20, 'call.', 'J9s', 'Small Blind', 25, 5, '3492035015', 0, 3, '', 0, 2, 190, 24, '2017-01-31 16:23:08'),
(36588, 480, 30, 'open limp.', '98s', 'Small Blind', 16, 5, '3492035053', 0, 1, '', 1, 1, 190, 16, '2017-01-31 16:23:09'),
(36589, 500, 20, 'open limp.', 'Q8s', 'UTG+2', 25, 6, '3492035132', 0, 1, '', 0, 3, 191, 25, '2017-01-31 16:23:09'),
(36590, 490, 20, 'open bet.', '72o', 'Dealer', 25, 6, '3492035183', 40, 2, '', 0, 2, 191, 23, '2017-01-31 16:23:09'),
(36591, 500, 20, 'open limp.', 'AJo', 'UTG', 25, 6, '3492035230', 0, 1, '', 0, 5, 191, 23, '2017-01-31 16:23:09'),
(36592, 520, 20, 'open bet.', 'A8s', 'UTG+1', 26, 6, '3492035230', 40, 2, '', 0, 5, 191, 23, '2017-01-31 16:23:09'),
(36593, 500, 20, 'open limp.call.', 'AJo', 'UTG', 25, 6, '3492035230', 0, 1, '', 0, 1, 191, 25, '2017-01-31 16:23:09'),
(36594, 480, 20, 'open bet.', 'AJo', 'UTG', 24, 6, '3492035277', 80, 4, '', 0, 5, 191, 23, '2017-01-31 16:23:09'),
(36595, 470, 20, 'shove.', 'AJo', 'UTG+2', 24, 6, '3492035277', 470, 24, '', 1, 4, 191, 24, '2017-01-31 16:23:09'),
(36596, 480, 20, 'open bet.call.', 'AJo', 'UTG', 24, 6, '3492035277', 0, 20, 'UTG', 0, 1, 191, 24, '2017-01-31 16:23:09'),
(36597, 500, 30, 'open bet.', 'A8s', 'UTG+1', 17, 6, '3492035322', 105, 4, '', 0, 4, 191, 15, '2017-01-31 16:23:09'),
(36598, 520, 30, 'call.', 'T8s', 'UTG+2', 17, 6, '3492035322', 0, 4, '', 0, 4, 191, 15, '2017-01-31 16:23:09'),
(36599, 510, 30, 'open bet.', 'J8o', 'Small Blind', 17, 6, '3492035322', 180, 6, '', 0, 3, 191, 15, '2017-01-31 16:23:09'),
(36600, 500, 30, 'open bet.call.', 'A8s', 'UTG+1', 17, 6, '3492035322', 0, 3, 'UTG+1', 0, 2, 191, 17, '2017-01-31 16:23:09'),
(36601, 520, 30, 'call.shove.', 'T8s', 'UTG+2', 17, 6, '3492035322', 520, 17, 'UTG+1', 0, 2, 191, 17, '2017-01-31 16:23:09'),
(36602, 1230, 30, 'open bet.', 'KQo', 'Dealer', 41, 6, '3492035372', 60, 2, '', 0, 2, 191, 14, '2017-01-31 16:23:09'),
(36603, 1275, 30, 'open bet.', 'A6o', 'UTG+2', 43, 6, '3492035412', 60, 2, '', 0, 3, 191, 11, '2017-01-31 16:23:09'),
(36604, 1320, 30, 'open bet.', 'Q3s', 'UTG+1', 44, 6, '3492035433', 60, 2, '', 0, 4, 191, 0, '2017-01-31 16:23:09'),
(36605, 405, 30, 'shove.', 'AJo', 'UTG+2', 14, 6, '3492035433', 405, 14, '', 0, 4, 191, 0, '2017-01-31 16:23:09'),
(36606, 115, 30, 'shove.', 'T8o', 'UTG+1', 4, 6, '3492035473', 115, 4, '', 0, 4, 191, 1, '2017-01-31 16:23:09'),
(36607, 610, 30, 'call.', 'A3o', 'Dealer', 20, 6, '3492035473', 0, 4, '', 0, 3, 191, 1, '2017-01-31 16:23:09'),
(36608, 440, 50, 'shove.', '87s', 'UTG', 9, 4, '3492035506', 440, 9, '', 1, 3, 191, 9, '2017-01-31 16:23:09'),
(36609, 510, 20, 'open limp.', 'K6s', 'Small Blind', 26, 6, '3492485029', 0, 1, '', 0, 1, 192, 25, '2017-01-31 16:23:09'),
(36610, 570, 20, 'open limp.', 'AJo', 'Dealer', 29, 6, '3492485253', 0, 1, '', 0, 2, 192, 22, '2017-01-31 16:23:09'),
(36611, 440, 20, 'open limp.', 'A2s', 'Small Blind', 22, 6, '3492485253', 0, 1, '', 0, 2, 192, 22, '2017-01-31 16:23:09'),
(36612, 500, 20, 'open bet.', 'QJo', 'UTG+1', 25, 6, '3492485458', 40, 2, '', 0, 4, 192, 21, '2017-01-31 16:23:09'),
(36613, 550, 20, 'call.', 'K9o', 'UTG+2', 28, 6, '3492485458', 0, 2, '', 0, 4, 192, 21, '2017-01-31 16:23:09'),
(36614, 420, 20, 'open limp.', '98s', 'UTG+1', 21, 6, '3492485788', 0, 1, '', 0, 4, 192, 21, '2017-01-31 16:23:09'),
(36615, 490, 30, 'open bet.', 'KJs', 'Dealer', 16, 6, '3492486072', 60, 2, '', 0, 2, 192, 13, '2017-01-31 16:23:09'),
(36616, 660, 30, 'call.', 'K8o', 'Big Blind', 22, 6, '3492486072', 0, 1, '', 0, 1, 192, 16, '2017-01-31 16:23:09'),
(36617, 995, 30, 'open bet.', 'A7o', 'UTG+2', 33, 6, '3492486323', 60, 2, '', 0, 3, 192, 6, '2017-01-31 16:23:09'),
(36618, 995, 30, 'open bet.call.', 'A7o', 'UTG+2', 33, 6, '3492486323', 0, 4, '', 0, 1, 192, 6, '2017-01-31 16:23:09'),
(36619, 1195, 30, 'open limp.', 'A2s', 'UTG+1', 40, 5, '3492486541', 0, 1, '', 0, 3, 192, 13, '2017-01-31 16:23:09'),
(36620, 385, 30, 'open limp.', '98o', 'UTG+2', 13, 5, '3492486541', 0, 1, '', 0, 3, 192, 13, '2017-01-31 16:23:09'),
(36621, 420, 30, 'open limp.', 'AJs', 'Small Blind', 14, 5, '3492486541', 0, 1, '', 0, 3, 192, 13, '2017-01-31 16:23:09'),
(36622, 510, 30, 'open limp.', 'A7o', 'Dealer', 17, 5, '3492486890', 0, 1, '', 0, 2, 192, 16, '2017-01-31 16:23:09'),
(36623, 500, 30, 'open limp.', 'K9o', 'Small Blind', 17, 5, '3492486890', 0, 1, '', 0, 2, 192, 16, '2017-01-31 16:23:09'),
(36624, 355, 50, 'open bet.', 'AQo', 'UTG', 7, 5, '3492487217', 100, 2, '', 0, 4, 192, 7, '2017-01-31 16:23:09'),
(36625, 570, 50, 'open bet.', '99', 'UTG+1', 11, 5, '3492487217', 150, 3, '', 0, 4, 192, 7, '2017-01-31 16:23:09'),
(36626, 355, 50, 'open bet.call.', 'AQo', 'UTG', 7, 5, '3492487217', 0, 1, 'UTG', 0, 1, 192, 7, '2017-01-31 16:23:09'),
(36627, 470, 50, 'shove.', 'ATo', 'UTG', 9, 4, '3492487571', 470, 9, '', 0, 3, 192, 8, '2017-01-31 16:23:09'),
(36628, 1090, 50, 'open bet.', 'K2s', 'Dealer', 22, 4, '3492487735', 100, 2, '', 0, 2, 192, 11, '2017-01-31 16:23:09'),
(36629, 940, 50, 'open limp.', 'A3o', 'Small Blind', 19, 4, '3492488056', 0, 1, '', 0, 1, 192, 19, '2017-01-31 16:23:09'),
(36630, 964, 100, 'open limp.', 'ATs', 'Dealer', 10, 3, '3492488499', 0, 1, '', 0, 1, 192, 9, '2017-01-31 16:23:09'),
(36631, 1064, 100, 'open limp.', 'QJs', 'UTG', 11, 3, '3492488665', 0, 1, '', 0, 2, 192, 8, '2017-01-31 16:23:09'),
(36632, 980, 100, 'shove.', '99', 'Dealer', 10, 3, '3492488770', 800, 8, '', 1, 2, 192, 10, '2017-01-31 16:23:09'),
(36633, 864, 100, 'call.', 'J2s', 'Small Blind', 9, 3, '3492488893', 0, 1, '', 0, 1, 192, 9, '2017-01-31 16:23:09'),
(36634, 1280, 100, 'shove.', 'K7s', 'Dealer', 13, 3, '3492489434', 1280, 13, '', 1, 2, 192, 8, '2017-01-31 16:23:09'),
(36635, 706, 150, 'shove.', 'A4o', 'Dealer', 5, 3, '3492489502', 706, 5, '', 0, 2, 192, 5, '2017-01-31 16:23:09'),
(36636, 864, 150, 'call.', 'QJo', 'Small Blind', 6, 3, '3492489502', 0, 4, '', 0, 2, 192, 5, '2017-01-31 16:23:09'),
(36637, 1280, 150, 'shove.', 'A8o', 'Dealer', 9, 2, '3492489616', 1280, 9, '', 1, 1, 192, 9, '2017-01-31 16:23:09'),
(36638, 1570, 150, 'call.', 'JTo', 'Dealer', 10, 2, '3492489682', 0, 1, '', 0, 1, 192, 10, '2017-01-31 16:23:09'),
(36639, 1580, 150, 'shove.', 'A2o', 'Dealer', 11, 2, '3492489783', 1580, 11, '', 1, 1, 192, 9, '2017-01-31 16:23:09'),
(36640, 1805, 150, 'shove.', 'Q7o', 'Dealer', 12, 2, '3492489942', 1721, 11, '', 1, 1, 192, 8, '2017-01-31 16:23:09'),
(36641, 1045, 150, 'call.', 'AKs', 'Dealer', 7, 2, '3492490012', 0, 1, '', 0, 1, 192, 7, '2017-01-31 16:23:09'),
(36642, 1505, 150, 'shove.', 'A5s', 'Dealer', 10, 2, '3492490255', 1505, 10, '', 1, 1, 192, 10, '2017-01-31 16:23:09'),
(36643, 1730, 150, 'open bet.', 'J4s', 'Dealer', 12, 2, '3492490371', 300, 2, '', 1, 1, 192, 8, '2017-01-31 16:23:09'),
(36644, 1120, 150, 'open bet.', 'JTs', 'Dealer', 7, 2, '3492490432', 300, 2, '', 0, 1, 192, 7, '2017-01-31 16:23:09'),
(36645, 1730, 150, 'open bet.', 'K3o', 'Dealer', 12, 2, '3492490508', 300, 2, '', 1, 1, 192, 8, '2017-01-31 16:23:09'),
(36646, 1270, 150, 'call.', '87o', 'Big Blind', 8, 2, '3492490508', 0, 1, '', 0, 1, 192, 8, '2017-01-31 16:23:09'),
(36647, 970, 200, 'open limp.', '77', 'Dealer', 5, 2, '3492490631', 0, 1, '', 0, 1, 192, 5, '2017-01-31 16:23:09'),
(36648, 1830, 200, 'open limp.', '76o', 'Dealer', 9, 2, '3492490833', 0, 1, '', 1, 1, 192, 6, '2017-01-31 16:23:09'),
(36649, 2130, 200, 'shove.', 'Q7o', 'Dealer', 11, 2, '3492491030', 2130, 11, '', 1, 1, 192, 4, '2017-01-31 16:23:09'),
(36650, 670, 200, 'open limp.', '86o', 'Dealer', 3, 2, '3492491107', 0, 1, '', 0, 1, 192, 3, '2017-01-31 16:23:09'),
(36651, 2130, 200, 'shove.', 'K8o', 'Dealer', 11, 2, '3492491233', 2130, 11, '', 1, 1, 192, 4, '2017-01-31 16:23:09'),
(36652, 500, 20, 'open limp.', 'A5s', 'UTG+1', 25, 6, '3492485620', 0, 1, '', 0, 4, 193, 25, '2017-01-31 16:23:09'),
(36653, 490, 20, 'shove.', 'AQo', 'Dealer', 25, 6, '3492485620', 490, 25, '', 1, 4, 193, 25, '2017-01-31 16:23:09'),
(36654, 500, 20, 'open limp.call.', 'A5s', 'UTG+1', 25, 6, '3492485620', 0, 24, '', 0, 2, 193, 25, '2017-01-31 16:23:09'),
(36655, 10, 20, 'call shove.', 'A6o', 'UTG', 1, 6, '3492485824', 10, 1, '', 0, 5, 193, 1, '2017-01-31 16:23:09'),
(36656, 500, 20, 'call.', 'TT', 'UTG+1', 25, 6, '3492485824', 0, 1, '', 0, 5, 193, 1, '2017-01-31 16:23:09'),
(36657, 480, 20, 'call.', 'A7o', 'Small Blind', 24, 6, '3492485824', 0, 1, '', 0, 3, 193, 1, '2017-01-31 16:23:09'),
(36658, 1010, 20, 'open bet.', 'A5o', 'UTG', 51, 5, '3492486209', 40, 2, '', 1, 4, 193, 12, '2017-01-31 16:23:09'),
(36659, 240, 20, 'call.', '52s', 'Big Blind', 12, 5, '3492486209', 0, 1, '', 0, 1, 193, 12, '2017-01-31 16:23:09'),
(36660, 820, 20, 'open bet.', '44', 'UTG+1', 41, 4, '3492486459', 60, 3, '', 0, 2, 193, 25, '2017-01-31 16:23:09'),
(36661, 500, 20, 'open bet.', 'TT', 'Big Blind', 25, 4, '3492486459', 160, 8, '', 0, 1, 193, 25, '2017-01-31 16:23:09'),
(36662, 820, 20, 'open bet.shove.', '44', 'UTG+1', 41, 4, '3492486459', 820, 41, 'UTG+1', 0, 1, 193, 25, '2017-01-31 16:23:09'),
(36663, 1250, 30, 'open bet.', 'Q7s', 'Dealer', 42, 4, '3492486654', 60, 2, '', 1, 2, 193, 14, '2017-01-31 16:23:09'),
(36664, 995, 30, 'open bet.', 'ATo', 'Dealer', 33, 4, '3492486762', 120, 4, '', 0, 2, 193, 11, '2017-01-31 16:23:09'),
(36665, 290, 30, 'open bet.', 'QJo', 'Small Blind', 10, 4, '3492486842', 90, 3, '', 0, 1, 193, 10, '2017-01-31 16:23:09'),
(36666, 1250, 30, 'open limp.', '96o', 'Dealer', 42, 4, '3492486971', 0, 1, '', 1, 2, 193, 13, '2017-01-31 16:23:09'),
(36667, 1040, 30, 'open bet.', '99', 'Dealer', 35, 4, '3492487195', 210, 7, '', 0, 2, 193, 11, '2017-01-31 16:23:09'),
(36668, 275, 30, 'shove.', 'KQo', 'Dealer', 9, 4, '3492487414', 275, 9, '', 0, 2, 193, 9, '2017-01-31 16:23:09'),
(36669, 1295, 30, 'open bet.', 'KJo', 'Dealer', 43, 4, '3492487528', 60, 2, '', 1, 2, 193, 11, '2017-01-31 16:23:09'),
(36670, 1340, 30, 'open bet.', '96o', 'UTG', 45, 4, '3492487649', 60, 2, '', 1, 3, 193, 10, '2017-01-31 16:23:09'),
(36671, 370, 50, 'shove.', 'A9s', 'Dealer', 7, 4, '3492487892', 370, 7, '', 0, 2, 193, 7, '2017-01-31 16:23:09'),
(36672, 1280, 50, 'open bet.', 'Q9o', 'Dealer', 26, 4, '3492488006', 100, 2, '', 1, 2, 193, 6, '2017-01-31 16:23:09'),
(36673, 1380, 50, 'open bet.', 'JTo', 'Small Blind', 28, 4, '3492488355', 100, 2, '', 1, 1, 193, 19, '2017-01-31 16:23:09'),
(36674, 965, 50, 'call.', 'KQo', 'Big Blind', 19, 4, '3492488355', 0, 1, '', 0, 1, 193, 19, '2017-01-31 16:23:09'),
(36675, 445, 50, 'shove.', 'A3o', 'UTG', 9, 4, '3492488582', 445, 9, '', 0, 3, 193, 4, '2017-01-31 16:23:09'),
(36676, 1780, 50, 'open bet.', 'QJo', 'UTG', 36, 3, '3492488705', 1194, 24, '', 1, 2, 193, 11, '2017-01-31 16:23:09'),
(36677, 540, 50, 'call shove.', 'AQo', 'Dealer', 11, 3, '3492488705', 540, 11, 'UTG', 0, 2, 193, 11, '2017-01-31 16:23:09'),
(36678, 605, 100, 'shove.', 'TT', 'Dealer', 6, 3, '3492488879', 605, 6, '', 0, 2, 193, 6, '2017-01-31 16:23:09'),
(36679, 1030, 100, 'open bet.', 'ATo', 'Dealer', 10, 2, '3492489011', 300, 3, '', 0, 1, 193, 10, '2017-01-31 16:23:09'),
(36680, 1030, 100, 'open bet.call shove.', 'ATo', 'Dealer', 10, 2, '3492489011', 730, 7, 'Dealer', 0, 1, 193, 10, '2017-01-31 16:23:09'),
(36681, 940, 100, 'shove.', 'Q5o', 'Dealer', 9, 2, '3492489217', 940, 9, '', 1, 1, 193, 9, '2017-01-31 16:23:09'),
(36682, 1960, 100, 'call.', '86s', 'Dealer', 20, 2, '3492489309', 0, 1, '', 0, 1, 193, 10, '2017-01-31 16:23:09'),
(36683, 1140, 100, 'open bet.', 'T7o', 'Dealer', 11, 2, '3492489513', 200, 2, '', 1, 1, 193, 11, '2017-01-31 16:23:09'),
(36684, 1860, 100, 'call.', 'QJo', 'Big Blind', 19, 2, '3492489513', 0, 1, '', 0, 1, 193, 11, '2017-01-31 16:23:09'),
(36685, 500, 20, 'open limp.', 'A7o', 'Dealer', 25, 6, '3492486442', 0, 1, '', 0, 3, 194, 25, '2017-01-31 16:23:09'),
(36686, 500, 20, 'open limp.', 'T9s', 'Small Blind', 25, 6, '3492486442', 0, 1, '', 1, 3, 194, 25, '2017-01-31 16:23:09'),
(36687, 480, 20, 'open bet.', 'A7s', 'UTG+2', 24, 6, '3492486956', 40, 2, '', 1, 3, 194, 24, '2017-01-31 16:23:09'),
(36688, 500, 20, 'call.', 'KTs', 'Big Blind', 25, 6, '3492486956', 0, 1, '', 0, 2, 194, 24, '2017-01-31 16:23:09'),
(36689, 500, 20, 'shove.', '88', 'UTG', 25, 6, '3492486952', 500, 25, '', 0, 5, 195, 25, '2017-01-31 16:23:09'),
(36690, 500, 20, 'call shove.', 'AJo', 'UTG+1', 25, 6, '3492486952', 500, 25, 'UTG', 0, 5, 195, 25, '2017-01-31 16:23:09'),
(36691, 500, 20, 'open limp.', 'A7o', 'UTG', 25, 5, '3492487423', 0, 1, '', 0, 4, 195, 24, '2017-01-31 16:23:09'),
(36692, 500, 20, 'open limp.', '86o', 'UTG+1', 25, 5, '3492487423', 0, 1, '', 0, 4, 195, 24, '2017-01-31 16:23:09'),
(36693, 490, 20, 'open limp.', 'A3s', 'Dealer', 25, 5, '3492487423', 0, 1, '', 0, 4, 195, 24, '2017-01-31 16:23:09'),
(36694, 580, 20, 'open limp.', '87s', 'UTG+1', 29, 5, '3492487979', 0, 1, '', 0, 3, 195, 24, '2017-01-31 16:23:10'),
(36695, 470, 20, 'shove.', 'AKs', 'Dealer', 24, 5, '3492487979', 470, 24, '', 1, 3, 195, 24, '2017-01-31 16:23:10'),
(36696, 480, 20, 'call.', 'AQo', 'Big Blind', 24, 5, '3492487979', 0, 23, '', 0, 2, 195, 24, '2017-01-31 16:23:10'),
(36697, 490, 30, 'open limp.', 'KQs', 'Small Blind', 16, 4, '3492488369', 0, 1, '', 0, 1, 195, 16, '2017-01-31 16:23:10'),
(36698, 980, 30, 'shove.', 'TT', 'UTG', 33, 4, '3492488668', 980, 33, '', 0, 3, 195, 10, '2017-01-31 16:23:10'),
(36699, 310, 30, 'call shove.', 'A7o', 'Dealer', 10, 4, '3492488668', 310, 10, 'UTG', 0, 3, 195, 10, '2017-01-31 16:23:10'),
(36700, 725, 30, 'open limp.', 'QQ', 'Dealer', 24, 3, '3492489055', 0, 1, '', 0, 2, 195, 24, '2017-01-31 16:23:10'),
(36701, 985, 30, 'open limp.', 'A3s', 'Small Blind', 33, 3, '3492489055', 0, 1, '', 1, 2, 195, 24, '2017-01-31 16:23:10'),
(36702, 260, 30, 'shove.', '76o', 'Dealer', 9, 3, '3492489258', 260, 9, '', 1, 2, 195, 9, '2017-01-31 16:23:10'),
(36703, 1245, 50, 'open bet.', 'A5o', 'Dealer', 25, 3, '3492489369', 200, 4, '', 0, 2, 195, 6, '2017-01-31 16:23:10'),
(36704, 1245, 50, 'open bet.call.', 'A5o', 'Dealer', 25, 3, '3492489369', 0, 2, '', 0, 1, 195, 6, '2017-01-31 16:23:10'),
(36705, 500, 20, 'open bet.', 'ATo', 'UTG+1', 25, 6, '3492487827', 72, 4, '', 0, 5, 196, 25, '2017-01-31 16:23:10'),
(36706, 500, 20, 'call.', 'QJo', 'Dealer', 25, 6, '3492487827', 0, 4, '', 0, 4, 196, 25, '2017-01-31 16:23:10'),
(36707, 341, 20, 'open bet.', 'AKo', 'UTG', 17, 6, '3492488219', 65, 3, '', 0, 5, 196, 17, '2017-01-31 16:23:10'),
(36708, 490, 20, 'open limp.', 'A9s', 'UTG+2', 25, 6, '3492488458', 0, 1, '', 0, 3, 196, 19, '2017-01-31 16:23:10'),
(36709, 480, 20, 'open limp.', 'AKo', 'Small Blind', 24, 6, '3492488458', 0, 1, '', 0, 2, 196, 19, '2017-01-31 16:23:10'),
(36710, 10, 20, 'call shove.', 'A3o', 'UTG+1', 1, 6, '3492488827', 10, 1, '', 0, 4, 196, 1, '2017-01-31 16:23:10'),
(36711, 351, 20, 'call.', '43o', 'Small Blind', 18, 6, '3492488827', 0, 1, '', 0, 2, 196, 1, '2017-01-31 16:23:10'),
(36712, 331, 30, 'open bet.', 'QJs', 'Dealer', 11, 5, '3492489100', 60, 2, '', 0, 2, 196, 11, '2017-01-31 16:23:10'),
(36713, 376, 30, 'shove.', 'AQo', 'UTG+1', 13, 5, '3492489204', 376, 13, '', 0, 3, 196, 13, '2017-01-31 16:23:10'),
(36714, 440, 30, 'open limp.', 'KJo', 'Small Blind', 15, 5, '3492489336', 0, 1, '', 0, 1, 196, 15, '2017-01-31 16:23:10'),
(36715, 470, 30, 'open bet.', '55', 'Dealer', 16, 5, '3492489718', 120, 4, '', 0, 2, 196, 14, '2017-01-31 16:23:10'),
(36716, 391, 30, 'open limp.', '64s', 'Small Blind', 13, 5, '3492489895', 0, 1, '', 0, 1, 196, 13, '2017-01-31 16:23:10'),
(36717, 361, 50, 'open bet.', 'A9s', 'UTG+1', 7, 5, '3492490247', 107, 2, '', 0, 3, 196, 7, '2017-01-31 16:23:10'),
(36718, 465, 50, 'open limp.', 'QTo', 'Small Blind', 9, 5, '3492490347', 0, 1, '', 0, 1, 196, 9, '2017-01-31 16:23:10'),
(36719, 589, 50, 'open limp.', 'KQo', 'UTG+1', 12, 5, '3492490672', 0, 1, '', 0, 3, 196, 9, '2017-01-31 16:23:10'),
(36720, 885, 50, 'open limp.', 'A3o', 'Small Blind', 18, 5, '3492490672', 0, 1, '', 0, 2, 196, 9, '2017-01-31 16:23:10'),
(36721, 415, 100, 'shove.', '88', 'Dealer', 4, 5, '3492491609', 415, 4, '', 0, 2, 196, 4, '2017-01-31 16:23:10'),
(36722, 635, 100, 'open bet.', 'K6o', 'Dealer', 6, 5, '3492491703', 350, 4, '', 0, 2, 196, 3, '2017-01-31 16:23:10'),
(36723, 211, 100, 'shove.', 'J7s', 'Dealer', 2, 5, '3492491889', 211, 2, '', 0, 2, 196, 2, '2017-01-31 16:23:10'),
(36724, 825, 100, 'shove.', 'A7o', 'Small Blind', 8, 5, '3492491889', 782, 8, '', 1, 2, 196, 2, '2017-01-31 16:23:10'),
(36725, 785, 100, 'shove.', 'ATo', 'UTG', 8, 4, '3492492114', 650, 7, '', 0, 3, 196, 5, '2017-01-31 16:23:10'),
(36726, 464, 100, 'shove.', 'J7o', 'Dealer', 5, 4, '3492492323', 464, 5, '', 0, 2, 196, 5, '2017-01-31 16:23:10'),
(36727, 835, 100, 'open bet.', 'AKs', 'Small Blind', 8, 4, '3492492485', 400, 4, '', 0, 1, 196, 8, '2017-01-31 16:23:10'),
(36728, 961, 150, 'shove.', 'A4o', 'Dealer', 6, 4, '3492492827', 940, 6, '', 1, 2, 196, 3, '2017-01-31 16:23:10'),
(36729, 614, 150, 'shove.', 'K7o', 'Dealer', 4, 4, '3492492930', 614, 4, '', 0, 2, 196, 2, '2017-01-31 16:23:10'),
(36730, 785, 150, 'open bet.', '98s', 'Small Blind', 5, 4, '3492493033', 450, 3, '', 0, 1, 196, 5, '2017-01-31 16:23:10'),
(36731, 190, 150, 'shove.', 'T7s', 'UTG', 1, 4, '3492493169', 190, 1, '', 0, 3, 196, 1, '2017-01-31 16:23:10'),
(36732, 839, 150, 'call.', '62o', 'Big Blind', 6, 4, '3492493169', 0, 0, '', 0, 1, 196, 1, '2017-01-31 16:23:10'),
(36733, 680, 150, 'shove.', 'A6o', 'Dealer', 5, 4, '3492493450', 680, 5, '', 0, 2, 196, 5, '2017-01-31 16:23:10'),
(36734, 811, 150, 'shove.', 'Q9s', 'Small Blind', 5, 4, '3492493634', 666, 4, '', 1, 1, 196, 4, '2017-01-31 16:23:10'),
(36735, 710, 200, 'shove.', '65s', 'UTG', 4, 4, '3492493723', 710, 4, '', 0, 3, 196, 2, '2017-01-31 16:23:10'),
(36736, 324, 200, 'open limp.', 'AA', 'Dealer', 2, 4, '3492493822', 0, 1, '', 0, 2, 196, 2, '2017-01-31 16:23:10'),
(36737, 686, 200, 'shove.', 'TT', 'Small Blind', 3, 4, '3492494011', 600, 3, '', 0, 1, 196, 3, '2017-01-31 16:23:10'),
(36738, 748, 200, 'call.', '72o', 'Big Blind', 4, 4, '3492494192', 0, 0, '', 0, 1, 196, 1, '2017-01-31 16:23:10'),
(36739, 500, 20, 'open limp.', 'Q9s', 'UTG+1', 25, 6, '3492489715', 0, 1, '', 0, 4, 197, 25, '2017-01-31 16:23:10'),
(36740, 500, 20, 'open bet.', 'ATo', 'UTG+2', 25, 6, '3492489715', 120, 6, '', 0, 4, 197, 25, '2017-01-31 16:23:10'),
(36741, 500, 20, 'call.', 'A8s', 'Big Blind', 25, 6, '3492489715', 0, 5, '', 0, 2, 197, 25, '2017-01-31 16:23:10'),
(36742, 500, 20, 'open limp.call.', 'Q9s', 'UTG+1', 25, 6, '3492489715', 0, 5, '', 0, 2, 197, 25, '2017-01-31 16:23:10'),
(36743, 500, 20, 'open bet.', 'A5o', 'UTG+2', 25, 6, '3492490278', 80, 4, '', 0, 3, 197, 16, '2017-01-31 16:23:10'),
(36744, 320, 20, 'open bet.', 'K6o', 'UTG', 16, 6, '3492490551', 40, 2, '', 0, 5, 197, 16, '2017-01-31 16:23:10'),
(36745, 530, 20, 'call.', 'KTo', 'UTG+1', 27, 6, '3492490551', 0, 2, '', 0, 5, 197, 16, '2017-01-31 16:23:10'),
(36746, 310, 20, 'call.', '94s', 'Dealer', 16, 6, '3492490551', 0, 2, '', 0, 4, 197, 16, '2017-01-31 16:23:10'),
(36747, 870, 20, 'call.', '62s', 'Big Blind', 44, 6, '3492490551', 0, 1, '', 0, 3, 197, 16, '2017-01-31 16:23:10'),
(36748, 830, 30, 'open bet.', 'A6o', 'Small Blind', 28, 6, '3492490846', 60, 2, '', 0, 1, 197, 9, '2017-01-31 16:23:10'),
(36749, 280, 30, 'open bet.', 'K7o', 'Big Blind', 9, 6, '3492490846', 90, 3, '', 0, 1, 197, 9, '2017-01-31 16:23:10'),
(36750, 830, 30, 'open bet.call.', 'A6o', 'Small Blind', 28, 6, '3492490846', 0, 1, 'Small Blind', 0, 1, 197, 9, '2017-01-31 16:23:10'),
(36751, 190, 30, 'open limp.', 'JTo', 'Small Blind', 6, 6, '3492491122', 0, 1, '', 0, 1, 197, 6, '2017-01-31 16:23:10'),
(36752, 660, 30, 'open bet.', 'A8o', 'Big Blind', 22, 6, '3492491122', 210, 7, '', 0, 1, 197, 6, '2017-01-31 16:23:10'),
(36753, 270, 30, 'open limp.', '72s', 'UTG', 9, 5, '3492491311', 0, 1, '', 0, 4, 197, 9, '2017-01-31 16:23:10'),
(36754, 850, 30, 'open limp.', '76o', 'Small Blind', 28, 5, '3492491311', 0, 1, '', 0, 2, 197, 9, '2017-01-31 16:23:10'),
(36755, 460, 30, 'open bet.', 'A7o', 'Small Blind', 15, 5, '3492491473', 90, 3, '', 0, 1, 197, 8, '2017-01-31 16:23:10'),
(36756, 210, 30, 'open bet.', 'JJ', 'Small Blind', 7, 5, '3492491587', 90, 3, '', 0, 1, 197, 7, '2017-01-31 16:23:10'),
(36757, 470, 50, 'shove.', 'A2o', 'Dealer', 9, 5, '3492491880', 470, 9, '', 1, 2, 197, 9, '2017-01-31 16:23:10'),
(36758, 545, 50, 'shove.', 'JTo', 'UTG+1', 11, 5, '3492492068', 545, 11, '', 1, 3, 197, 10, '2017-01-31 16:23:10'),
(36759, 835, 50, 'open bet.', '87o', 'Dealer', 17, 5, '3492492162', 200, 4, '', 0, 2, 197, 5, '2017-01-31 16:23:10'),
(36760, 440, 50, 'call.', 'KQo', 'Small Blind', 9, 5, '3492492162', 0, 4, '', 0, 2, 197, 5, '2017-01-31 16:23:10'),
(36761, 835, 50, 'open bet.call.', '87o', 'Dealer', 17, 5, '3492492162', 0, 1, '', 0, 2, 197, 5, '2017-01-31 16:23:10'),
(36762, 440, 50, 'call.call.', 'KQo', 'Small Blind', 9, 5, '3492492162', 0, 1, '', 0, 2, 197, 5, '2017-01-31 16:23:10'),
(36763, 360, 50, 'open limp.', '98o', 'Small Blind', 7, 5, '3492492450', 0, 1, '', 0, 1, 197, 7, '2017-01-31 16:23:10'),
(36764, 395, 50, 'shove.', 'T8s', 'UTG', 8, 5, '3492492586', 395, 8, '', 0, 4, 197, 6, '2017-01-31 16:23:10'),
(36765, 310, 50, 'call shove.', 'AJo', 'Dealer', 6, 5, '3492492586', 310, 6, 'UTG', 0, 3, 197, 6, '2017-01-31 16:23:10'),
(36766, 805, 50, 'open bet.', 'QJs', 'Small Blind', 16, 4, '3492492813', 250, 5, '', 0, 1, 197, 15, '2017-01-31 16:23:10'),
(36767, 790, 50, 'open bet.', 'ATs', 'UTG', 16, 4, '3492492939', 100, 2, '', 0, 3, 197, 13, '2017-01-31 16:23:10'),
(36768, 685, 100, 'shove.', '53s', 'Dealer', 7, 4, '3492493005', 685, 7, '', 0, 2, 197, 6, '2017-01-31 16:23:10'),
(36769, 545, 100, 'shove.', 'K6s', 'Dealer', 5, 4, '3492493106', 545, 5, '', 1, 2, 197, 5, '2017-01-31 16:23:10'),
(36770, 220, 100, 'shove.', 'A7o', 'Dealer', 2, 4, '3492493230', 220, 2, '', 0, 2, 197, 2, '2017-01-31 16:23:10'),
(36771, 755, 100, 'call.', '66', 'Small Blind', 8, 4, '3492493230', 0, 2, '', 0, 2, 197, 2, '2017-01-31 16:23:10'),
(36772, 160, 100, 'shove.', 'A3o', 'Dealer', 2, 3, '3492493565', 160, 2, '', 0, 2, 197, 2, '2017-01-31 16:23:10'),
(36773, 1730, 100, 'call.', 'A4o', 'Big Blind', 17, 3, '3492493565', 0, 1, '', 0, 1, 197, 2, '2017-01-31 16:23:10'),
(36774, 1755, 100, 'open bet.', 'K9o', 'Small Blind', 18, 3, '3492493691', 200, 2, '', 0, 1, 197, 2, '2017-01-31 16:23:10'),
(36775, 1570, 100, 'open bet.', 'Q8s', 'Dealer', 16, 3, '3492493810', 500, 5, '', 0, 2, 197, 4, '2017-01-31 16:23:10'),
(36776, 320, 100, 'shove.', 'JJ', 'Dealer', 3, 3, '3492493921', 320, 3, '', 0, 2, 197, 3, '2017-01-31 16:23:10'),
(36777, 1720, 100, 'call.', 'KQs', 'Big Blind', 17, 3, '3492493921', 0, 2, '', 0, 1, 197, 3, '2017-01-31 16:23:10'),
(36778, 2090, 100, 'open bet.', '76o', 'Dealer', 21, 2, '3492494070', 300, 3, '', 0, 1, 197, 9, '2017-01-31 16:23:10'),
(36779, 810, 150, 'shove.', 'K8o', 'Dealer', 5, 2, '3492494149', 810, 5, '', 1, 1, 197, 5, '2017-01-31 16:23:11'),
(36780, 2040, 150, 'call.', '96o', 'Dealer', 14, 2, '3492494233', 0, 1, '', 0, 1, 197, 6, '2017-01-31 16:23:11'),
(36781, 1110, 150, 'shove.', 'J6o', 'Dealer', 7, 2, '3492494354', 1110, 7, '', 1, 1, 197, 7, '2017-01-31 16:23:11'),
(36782, 1740, 150, 'shove.', '52s', 'Dealer', 12, 2, '3492494482', 1740, 12, '', 0, 1, 197, 8, '2017-01-31 16:23:11'),
(36783, 2520, 150, 'call.', 'J8s', 'Dealer', 17, 2, '3492494607', 0, 1, '', 1, 1, 197, 3, '2017-01-31 16:23:11');
INSERT INTO `preflop_actions` (`id`, `chips`, `big_blind`, `action`, `hand`, `position`, `bbs_remaining`, `total_players`, `hand_id`, `bet`, `effective_bet_bbs`, `last_raise_position`, `is_me`, `players_to_act`, `history_id`, `effective_stack_bbs`, `time_stamp`) VALUES
(36784, 960, 150, 'call.', '76s', 'Dealer', 6, 2, '3492494777', 0, 1, '', 0, 1, 197, 6, '2017-01-31 16:23:11'),
(36785, 960, 150, 'call.call shove.', '76s', 'Dealer', 6, 2, '3492494777', 810, 5, '', 0, 1, 197, 6, '2017-01-31 16:23:11'),
(36786, 1995, 150, 'call.', '75o', 'Dealer', 13, 2, '3492494960', 0, 1, '', 0, 1, 197, 7, '2017-01-31 16:23:11'),
(36787, 1005, 150, 'shove.', 'A9o', 'Big Blind', 7, 2, '3492494960', 939, 6, '', 1, 1, 197, 7, '2017-01-31 16:23:11'),
(36788, 1155, 150, 'shove.', 'QJo', 'Dealer', 8, 2, '3492495053', 1155, 8, '', 1, 1, 197, 8, '2017-01-31 16:23:11'),
(36789, 1845, 150, 'call.', 'Q5o', 'Big Blind', 12, 2, '3492495053', 0, 7, '', 0, 1, 197, 8, '2017-01-31 16:23:11'),
(36790, 690, 150, 'open bet.', 'T8s', 'Dealer', 5, 2, '3492495159', 450, 3, '', 0, 1, 197, 5, '2017-01-31 16:23:11'),
(36791, 915, 200, 'shove.', 'K6o', 'Dealer', 5, 2, '3492495344', 915, 5, '', 0, 1, 197, 5, '2017-01-31 16:23:11'),
(36792, 1885, 200, 'shove.', '66', 'Dealer', 9, 2, '3492495442', 1885, 9, '', 1, 1, 197, 6, '2017-01-31 16:23:11'),
(36793, 2185, 200, 'shove.', 'Q7o', 'Dealer', 11, 2, '3492495580', 2185, 11, '', 1, 1, 197, 4, '2017-01-31 16:23:11'),
(36794, 1630, 200, 'open limp.', 'AA', 'Dealer', 8, 2, '3492495677', 0, 1, '', 0, 1, 197, 7, '2017-01-31 16:23:11'),
(36795, 1630, 200, 'open limp.open limp.', 'AA', 'Dealer', 8, 2, '3492495677', 0, 6, '', 0, 1, 197, 7, '2017-01-31 16:23:11'),
(36796, 500, 20, 'open limp.', '44', 'UTG', 25, 6, '3492490426', 0, 1, '', 0, 5, 198, 25, '2017-01-31 16:23:11'),
(36797, 500, 20, 'open limp.', 'JTo', 'Dealer', 25, 6, '3492490426', 0, 1, '', 0, 3, 198, 25, '2017-01-31 16:23:11'),
(36798, 500, 20, 'open limp.', 'AJo', 'UTG', 25, 6, '3492490732', 0, 1, '', 0, 5, 198, 24, '2017-01-31 16:23:11'),
(36799, 550, 20, 'open limp.', 'Q4o', 'Small Blind', 28, 6, '3492490732', 0, 1, '', 0, 3, 198, 24, '2017-01-31 16:23:11'),
(36800, 530, 20, 'open bet.', 'A5o', 'Dealer', 27, 6, '3492491203', 40, 2, '', 0, 2, 198, 23, '2017-01-31 16:23:11'),
(36801, 460, 20, 'call.', 'Q9s', 'Small Blind', 23, 6, '3492491203', 0, 2, '', 0, 2, 198, 23, '2017-01-31 16:23:11'),
(36802, 540, 20, 'call.', '22', 'Big Blind', 27, 6, '3492491203', 0, 1, '', 0, 2, 198, 23, '2017-01-31 16:23:11'),
(36803, 420, 20, 'open limp.', 'A3o', 'Dealer', 21, 6, '3492491505', 0, 1, '', 0, 2, 198, 21, '2017-01-31 16:23:11'),
(36804, 530, 30, 'open limp.', '87s', 'UTG+1', 18, 6, '3492492101', 0, 1, '', 0, 4, 198, 14, '2017-01-31 16:23:11'),
(36805, 430, 30, 'shove.', 'AQs', 'Dealer', 14, 6, '3492492101', 430, 14, '', 1, 3, 198, 14, '2017-01-31 16:23:11'),
(36806, 490, 30, 'open bet.', 'AKo', 'UTG', 16, 6, '3492492523', 240, 8, '', 0, 5, 198, 15, '2017-01-31 16:23:11'),
(36807, 470, 30, 'open limp.', 'A9o', 'Small Blind', 16, 6, '3492492665', 0, 1, '', 0, 1, 198, 16, '2017-01-31 16:23:11'),
(36808, 435, 30, 'open bet.', 'AKo', 'UTG', 15, 6, '3492492926', 60, 2, '', 0, 5, 198, 15, '2017-01-31 16:23:11'),
(36809, 505, 30, 'call.', 'Q6s', 'Big Blind', 17, 6, '3492492926', 0, 1, '', 1, 1, 198, 15, '2017-01-31 16:23:11'),
(36810, 500, 50, 'open limp.', '87o', 'UTG+2', 10, 6, '3492493223', 0, 1, '', 0, 3, 198, 1, '2017-01-31 16:23:11'),
(36811, 835, 50, 'open bet.', 'K6o', 'Small Blind', 17, 6, '3492493490', 150, 3, '', 0, 1, 198, 9, '2017-01-31 16:23:11'),
(36812, 885, 50, 'open bet.', 'AJo', 'UTG+2', 18, 6, '3492493860', 150, 3, '', 0, 3, 198, 7, '2017-01-31 16:23:11'),
(36813, 370, 50, 'shove.', 'AQo', 'Dealer', 7, 6, '3492493860', 370, 7, '', 0, 3, 198, 7, '2017-01-31 16:23:11'),
(36814, 885, 50, 'open bet.call.', 'AJo', 'UTG+2', 18, 6, '3492493860', 0, 4, 'UTG+2', 0, 1, 198, 7, '2017-01-31 16:23:11'),
(36815, 515, 50, 'shove.', 'QQ', 'UTG+1', 10, 6, '3492494023', 515, 10, '', 0, 4, 198, 10, '2017-01-31 16:23:11'),
(36816, 815, 50, 'shove.', '44', 'UTG+1', 16, 6, '3492494367', 815, 16, '', 0, 4, 198, 1, '2017-01-31 16:23:11'),
(36817, 610, 50, 'call shove.', 'AQs', 'UTG+2', 12, 6, '3492494367', 610, 12, 'UTG+1', 0, 4, 198, 1, '2017-01-31 16:23:11'),
(36818, 500, 20, 'open bet.', 'KQo', 'UTG', 25, 6, '3492491674', 40, 2, '', 0, 5, 199, 25, '2017-01-31 16:23:11'),
(36819, 500, 20, 'call.', 'J3s', 'Big Blind', 25, 6, '3492491674', 0, 1, '', 0, 2, 199, 25, '2017-01-31 16:23:11'),
(36820, 590, 20, 'open bet.', 'A5o', 'Small Blind', 30, 6, '3492492104', 60, 3, '', 0, 2, 199, 21, '2017-01-31 16:23:11'),
(36821, 420, 20, 'open bet.', 'A2s', 'Big Blind', 21, 6, '3492492104', 100, 5, '', 0, 2, 199, 21, '2017-01-31 16:23:11'),
(36822, 590, 20, 'open bet.call.', 'A5o', 'Small Blind', 30, 6, '3492492104', 0, 2, 'Small Blind', 0, 2, 199, 21, '2017-01-31 16:23:11'),
(36823, 500, 20, 'open bet.', 'A9o', 'UTG+1', 25, 6, '3492492319', 40, 2, '', 1, 4, 199, 25, '2017-01-31 16:23:11'),
(36824, 490, 20, 'call.', 'KTo', 'UTG+2', 25, 6, '3492492319', 0, 2, '', 0, 4, 199, 25, '2017-01-31 16:23:11'),
(36825, 490, 20, 'open bet.', 'AJo', 'Dealer', 25, 6, '3492492319', 190, 10, '', 0, 4, 199, 25, '2017-01-31 16:23:11'),
(36826, 490, 20, 'open bet.call shove.', 'AJo', 'Dealer', 25, 6, '3492492319', 300, 15, 'Dealer', 0, 1, 199, 25, '2017-01-31 16:23:11'),
(36827, 460, 20, 'shove.', 'AJo', 'UTG', 23, 5, '3492492575', 460, 23, '', 1, 4, 199, 23, '2017-01-31 16:23:11'),
(36828, 470, 30, 'open limp.', 'AKo', 'UTG', 16, 5, '3492492861', 0, 1, '', 0, 4, 199, 14, '2017-01-31 16:23:11'),
(36829, 415, 30, 'open limp.', 'KQs', 'Dealer', 14, 5, '3492492997', 0, 1, '', 0, 2, 199, 14, '2017-01-31 16:23:11'),
(36830, 515, 30, 'open bet.', 'AKo', 'Big Blind', 17, 5, '3492492997', 90, 3, '', 0, 1, 199, 14, '2017-01-31 16:23:11'),
(36831, 415, 30, 'open limp.call.', 'KQs', 'Dealer', 14, 5, '3492492997', 0, 2, '', 0, 1, 199, 14, '2017-01-31 16:23:11'),
(36832, 1065, 30, 'open limp.', 'QTo', 'Dealer', 36, 4, '3492493295', 0, 1, '', 0, 2, 199, 16, '2017-01-31 16:23:11'),
(36833, 945, 30, 'open limp.', 'K7o', 'Small Blind', 32, 4, '3492493295', 0, 1, '', 0, 2, 199, 16, '2017-01-31 16:23:11'),
(36834, 520, 30, 'open bet.', 'JTo', 'Dealer', 17, 4, '3492493702', 60, 2, '', 1, 2, 199, 17, '2017-01-31 16:23:11'),
(36835, 1140, 30, 'call.', 'TT', 'Small Blind', 38, 4, '3492493702', 0, 2, '', 0, 2, 199, 17, '2017-01-31 16:23:11'),
(36836, 915, 30, 'call.', 'K3s', 'Big Blind', 31, 4, '3492493702', 0, 1, '', 0, 2, 199, 17, '2017-01-31 16:23:11'),
(36837, 795, 30, 'open limp.', 'Q7o', 'Small Blind', 27, 4, '3492493880', 0, 1, '', 0, 1, 199, 14, '2017-01-31 16:23:11'),
(36838, 765, 50, 'open limp.', '55', 'UTG', 15, 4, '3492494122', 0, 1, '', 0, 3, 199, 9, '2017-01-31 16:23:11'),
(36839, 765, 50, 'open limp.open limp.', '55', 'UTG', 15, 4, '3492494122', 0, 9, '', 0, 1, 199, 10, '2017-01-31 16:23:11'),
(36840, 430, 50, 'shove.', '22', 'UTG', 9, 4, '3492494291', 430, 9, '', 0, 3, 199, 6, '2017-01-31 16:23:11'),
(36841, 1020, 50, 'shove.', 'A5o', 'UTG', 20, 4, '3492494433', 1020, 20, '', 1, 3, 199, 5, '2017-01-31 16:23:11'),
(36842, 790, 50, 'open limp.', 'K7o', 'Big Blind', 16, 4, '3492494566', 0, 8, '', 1, 1, 199, 9, '2017-01-31 16:23:11'),
(36843, 510, 50, 'shove.', 'KQo', 'UTG', 10, 3, '3492494706', 510, 10, '', 0, 2, 199, 10, '2017-01-31 16:23:11'),
(36844, 1220, 50, 'open bet.', 'A3o', 'Dealer', 24, 3, '3492494802', 100, 2, '', 1, 2, 199, 12, '2017-01-31 16:23:11'),
(36845, 585, 50, 'call.', 'KJo', 'Big Blind', 12, 3, '3492494802', 0, 1, '', 0, 1, 199, 12, '2017-01-31 16:23:11'),
(36846, 1345, 50, 'open limp.', 'K9s', 'Big Blind', 27, 3, '3492494947', 0, 9, '', 1, 1, 199, 10, '2017-01-31 16:23:11'),
(36847, 1830, 50, 'open bet.', '96s', 'Dealer', 37, 2, '3492495086', 100, 2, '', 1, 1, 199, 23, '2017-01-31 16:23:11'),
(36848, 1170, 50, 'call.', 'K3o', 'Big Blind', 23, 2, '3492495086', 0, 1, '', 0, 1, 199, 23, '2017-01-31 16:23:11'),
(36849, 500, 20, 'open bet.', 'J9o', 'UTG+2', 25, 6, '3493047731', 50, 3, '', 0, 4, 205, 25, '2017-01-31 16:23:11'),
(36850, 510, 20, 'call.', 'K9o', 'Small Blind', 26, 6, '3493047731', 0, 2, '', 0, 3, 205, 25, '2017-01-31 16:23:11'),
(36851, 500, 20, 'open bet.', 'A7s', 'Big Blind', 25, 6, '3493047731', 140, 7, '', 0, 3, 205, 25, '2017-01-31 16:23:11'),
(36852, 500, 20, 'open bet.call.', 'J9o', 'UTG+2', 25, 6, '3493047731', 0, 5, 'UTG+2', 0, 3, 205, 25, '2017-01-31 16:23:11'),
(36853, 460, 20, 'open limp.', '53s', 'Dealer', 23, 6, '3493047954', 0, 1, '', 0, 2, 205, 23, '2017-01-31 16:23:11'),
(36854, 525, 20, 'open limp.', 'T2o', 'Small Blind', 26, 6, '3493047954', 0, 1, '', 0, 2, 205, 23, '2017-01-31 16:23:11'),
(36855, 525, 20, 'open bet.', '22', 'UTG', 26, 6, '3493048064', 50, 3, '', 0, 5, 205, 22, '2017-01-31 16:23:11'),
(36856, 565, 20, 'call.', 'T4s', 'Dealer', 28, 6, '3493048064', 0, 3, '', 0, 3, 205, 24, '2017-01-31 16:23:11'),
(36857, 480, 20, 'call.', 'KTo', 'Small Blind', 24, 6, '3493048064', 0, 2, '', 0, 3, 205, 24, '2017-01-31 16:23:12'),
(36858, 860, 30, 'open bet.', 'K7s', 'Small Blind', 29, 6, '3493048303', 75, 3, '', 0, 1, 205, 16, '2017-01-31 16:23:12'),
(36859, 415, 30, 'open bet.', 'K7o', 'UTG', 14, 6, '3493048385', 60, 2, '', 0, 5, 205, 11, '2017-01-31 16:23:12'),
(36860, 330, 30, 'call.', 'KQo', 'UTG+1', 11, 6, '3493048385', 0, 2, '', 0, 5, 205, 11, '2017-01-31 16:23:12'),
(36861, 890, 30, 'call.', 'JTo', 'Dealer', 30, 6, '3493048385', 0, 2, '', 0, 4, 205, 11, '2017-01-31 16:23:12'),
(36862, 460, 30, 'call.', 'A5s', 'Small Blind', 15, 6, '3493048385', 0, 2, '', 1, 4, 205, 11, '2017-01-31 16:23:12'),
(36863, 440, 30, 'call.', '76o', 'Big Blind', 15, 6, '3493048385', 0, 1, '', 0, 4, 205, 11, '2017-01-31 16:23:12'),
(36864, 840, 30, 'open limp.', 'JTo', 'UTG', 28, 6, '3493048556', 0, 1, '', 0, 5, 205, 4, '2017-01-31 16:23:12'),
(36865, 830, 30, 'open bet.', '64s', 'UTG+1', 28, 6, '3493048708', 75, 3, '', 0, 4, 205, 4, '2017-01-31 16:23:12'),
(36866, 365, 30, 'call.', '87o', 'Dealer', 12, 6, '3493048708', 0, 3, '', 0, 3, 205, 10, '2017-01-31 16:23:12'),
(36867, 130, 30, 'shove.', '33', 'UTG+1', 4, 6, '3493048804', 128, 4, '', 1, 4, 205, 4, '2017-01-31 16:23:12'),
(36868, 485, 50, 'open limp.', 'Q8o', 'UTG+1', 10, 6, '3493048860', 0, 1, '', 0, 4, 205, 6, '2017-01-31 16:23:12'),
(36869, 560, 50, 'open limp.', 'KTs', 'UTG', 11, 6, '3493048991', 0, 1, '', 0, 5, 205, 4, '2017-01-31 16:23:12'),
(36870, 870, 50, 'open limp.', 'A7o', 'UTG+2', 17, 6, '3493048991', 0, 1, '', 0, 4, 205, 4, '2017-01-31 16:23:12'),
(36871, 820, 50, 'open bet.', 'QJo', 'UTG', 16, 6, '3493049152', 100, 2, '', 0, 5, 205, 4, '2017-01-31 16:23:12'),
(36872, 855, 50, 'open bet.', 'J8o', 'UTG+1', 17, 6, '3493049223', 125, 3, '', 0, 4, 205, 4, '2017-01-31 16:23:12'),
(36873, 435, 50, 'call.', 'K7s', 'Dealer', 9, 6, '3493049223', 0, 3, '', 0, 3, 205, 5, '2017-01-31 16:23:12'),
(36874, 230, 50, 'call.', '44', 'Small Blind', 5, 6, '3493049223', 0, 2, '', 0, 3, 205, 5, '2017-01-31 16:23:12'),
(36875, 310, 50, 'open limp.', 'QJo', 'UTG+2', 6, 6, '3493049342', 0, 1, '', 0, 3, 205, 2, '2017-01-31 16:23:12'),
(36876, 845, 50, 'open limp.', 'T3o', 'Small Blind', 17, 6, '3493049342', 0, 1, '', 0, 2, 205, 6, '2017-01-31 16:23:12'),
(36877, 105, 100, 'shove.', '66', 'UTG+1', 1, 5, '3493049497', 105, 1, '', 0, 3, 205, 1, '2017-01-31 16:23:12'),
(36878, 310, 100, 'shove.', 'J9o', 'UTG', 3, 5, '3493049582', 310, 3, '', 0, 4, 205, 2, '2017-01-31 16:23:12'),
(36879, 1055, 100, 'open bet.', 'T4s', 'Small Blind', 11, 5, '3493049582', 520, 5, '', 0, 2, 205, 2, '2017-01-31 16:23:12'),
(36880, 525, 100, 'shove.', 'K8s', 'Small Blind', 5, 5, '3493049710', 498, 5, '', 1, 1, 205, 3, '2017-01-31 16:23:12'),
(36881, 795, 100, 'open limp.', 'A3o', 'UTG', 8, 5, '3493050011', 0, 1, '', 0, 4, 205, 1, '2017-01-31 16:23:12'),
(36882, 1200, 150, 'shove.', '98o', 'Dealer', 8, 5, '3493050103', 1200, 8, '', 1, 2, 205, 1, '2017-01-31 16:23:12'),
(36883, 170, 150, 'shove.', '43s', 'UTG', 1, 5, '3493050217', 170, 1, '', 0, 4, 205, 1, '2017-01-31 16:23:12'),
(36884, 435, 150, 'call.', 'A4o', 'Dealer', 3, 5, '3493050217', 0, 1, '', 0, 3, 205, 1, '2017-01-31 16:23:12'),
(36885, 665, 150, 'call.', 'T5s', 'Big Blind', 4, 5, '3493050217', 0, 0, '', 0, 2, 205, 1, '2017-01-31 16:23:12'),
(36886, 850, 150, 'open limp.', 'Q8o', 'UTG', 6, 4, '3493050336', 0, 1, '', 0, 3, 205, 3, '2017-01-31 16:23:12'),
(36887, 595, 150, 'open limp.', 'A6o', 'Dealer', 4, 4, '3493050336', 0, 1, '', 0, 3, 205, 3, '2017-01-31 16:23:12'),
(36888, 420, 150, 'shove.', 'QJs', 'Dealer', 3, 4, '3493050526', 420, 3, '', 0, 2, 205, 3, '2017-01-31 16:23:12'),
(36889, 490, 150, 'shove.', 'J7o', 'Dealer', 3, 4, '3493050612', 490, 3, '', 1, 2, 205, 2, '2017-01-31 16:23:12'),
(36890, 1120, 150, 'call.', 'A7o', 'Small Blind', 7, 4, '3493050686', 0, 1, '', 0, 1, 205, 7, '2017-01-31 16:23:12'),
(36891, 815, 200, 'open limp.', 'T5s', 'Small Blind', 4, 4, '3493050845', 0, 0, '', 1, 1, 205, 1, '2017-01-31 16:23:12'),
(36892, 1040, 200, 'shove.', 'JJ', 'UTG', 5, 4, '3493050899', 1040, 5, '', 0, 3, 205, 2, '2017-01-31 16:23:12'),
(36893, 250, 200, 'shove.', 'ATo', 'Dealer', 1, 4, '3493050960', 250, 1, '', 0, 2, 205, 1, '2017-01-31 16:23:12'),
(36894, 770, 200, 'call.', '75s', 'Small Blind', 4, 4, '3493050960', 0, 1, '', 0, 2, 205, 1, '2017-01-31 16:23:12'),
(36895, 1340, 200, 'call.', 'A6o', 'Big Blind', 7, 4, '3493050960', 0, 0, '', 0, 2, 205, 1, '2017-01-31 16:23:12'),
(36896, 740, 200, 'shove.', 'AJs', 'Small Blind', 4, 3, '3493051128', 729, 4, '', 1, 1, 205, 4, '2017-01-31 16:23:12'),
(36897, 1070, 200, 'open limp.', 'K3o', 'Small Blind', 5, 3, '3493051179', 0, 1, '', 0, 1, 205, 5, '2017-01-31 16:23:12'),
(36898, 1090, 200, 'shove.', 'ATs', 'Dealer', 5, 3, '3493051316', 1090, 5, '', 0, 2, 205, 4, '2017-01-31 16:23:12'),
(36899, 670, 200, 'open limp.', 'K4o', 'Small Blind', 3, 3, '3493051362', 0, 1, '', 0, 1, 205, 3, '2017-01-31 16:23:12'),
(36900, 1390, 200, 'open bet.', 'A7o', 'Big Blind', 7, 3, '3493051362', 1000, 5, '', 0, 1, 205, 3, '2017-01-31 16:23:12'),
(36901, 2060, 300, 'shove.', 'J8s', 'Dealer', 7, 2, '3493051461', 2030, 7, '', 0, 1, 205, 3, '2017-01-31 16:23:12'),
(36902, 1880, 300, 'shove.', 'J3o', 'Dealer', 6, 2, '3493051514', 1667, 6, '', 1, 1, 205, 4, '2017-01-31 16:23:12'),
(36903, 790, 300, 'shove.', 'JJ', 'Dealer', 3, 2, '3493051564', 760, 3, '', 0, 1, 205, 3, '2017-01-31 16:23:12'),
(36904, 2210, 300, 'call.', 'T3o', 'Big Blind', 7, 2, '3493051564', 0, 2, '', 1, 1, 205, 3, '2017-01-31 16:23:12'),
(36905, 1420, 300, 'shove.', 'T6o', 'Dealer', 5, 2, '3493051630', 1390, 5, '', 1, 1, 205, 5, '2017-01-31 16:23:12'),
(36906, 1580, 300, 'call.', 'A9s', 'Big Blind', 5, 2, '3493051630', 0, 4, '', 0, 1, 205, 5, '2017-01-31 16:23:12'),
(36907, 500, 20, 'open bet.', 'K9s', 'Dealer', 25, 6, '3493052117', 60, 3, '', 0, 2, 206, 25, '2017-01-31 16:23:12'),
(36908, 500, 20, 'call.', 'A5s', 'Big Blind', 25, 6, '3493052117', 0, 2, '', 0, 1, 206, 25, '2017-01-31 16:23:12'),
(36909, 360, 20, 'open bet.', 'AQs', 'UTG+2', 18, 6, '3493052395', 60, 3, '', 0, 3, 206, 18, '2017-01-31 16:23:12'),
(36910, 500, 20, 'call.', 'KQo', 'Big Blind', 25, 6, '3493052395', 0, 2, '', 1, 1, 206, 18, '2017-01-31 16:23:12'),
(36911, 640, 20, 'open limp.', 'K5s', 'UTG+1', 32, 5, '3493052682', 0, 1, '', 0, 3, 206, 25, '2017-01-31 16:23:12'),
(36912, 860, 20, 'shove.', 'A8s', 'Dealer', 43, 5, '3493052682', 788, 39, '', 1, 3, 206, 25, '2017-01-31 16:23:12'),
(36913, 500, 30, 'shove.', 'AQs', 'Dealer', 17, 5, '3493052813', 500, 17, '', 0, 2, 206, 16, '2017-01-31 16:23:12'),
(36914, 465, 30, 'open bet.', '99', 'Dealer', 16, 5, '3493052895', 65, 2, '', 0, 2, 206, 15, '2017-01-31 16:23:12'),
(36915, 590, 30, 'open bet.', 'A3o', 'Small Blind', 20, 5, '3493052954', 60, 2, '', 0, 1, 206, 20, '2017-01-31 16:23:12'),
(36916, 910, 30, 'open bet.', 'QQ', 'Big Blind', 30, 5, '3493052954', 300, 10, '', 1, 1, 206, 20, '2017-01-31 16:23:12'),
(36917, 445, 30, 'open limp.', '52s', 'UTG+1', 15, 5, '3493053065', 0, 1, '', 0, 3, 206, 15, '2017-01-31 16:23:12'),
(36918, 970, 30, 'open limp.', '98o', 'Small Blind', 32, 5, '3493053065', 0, 1, '', 1, 2, 206, 15, '2017-01-31 16:23:12'),
(36919, 505, 30, 'open limp.', 'T8s', 'UTG', 17, 5, '3493053165', 0, 1, '', 0, 4, 206, 17, '2017-01-31 16:23:12'),
(36920, 530, 30, 'open limp.', 'QTs', 'UTG+1', 18, 5, '3493053165', 0, 1, '', 0, 4, 206, 17, '2017-01-31 16:23:12'),
(36921, 515, 30, 'open limp.', '97s', 'Small Blind', 17, 5, '3493053165', 0, 1, '', 0, 3, 206, 17, '2017-01-31 16:23:12'),
(36922, 500, 30, 'open limp.', 'A3s', 'UTG', 17, 5, '3493053375', 0, 1, '', 0, 4, 206, 13, '2017-01-31 16:23:12'),
(36923, 940, 30, 'shove.', 'A6s', 'UTG+1', 31, 5, '3493053375', 940, 31, '', 1, 4, 206, 13, '2017-01-31 16:23:12'),
(36924, 671, 30, 'open bet.', 'AJo', 'Small Blind', 22, 5, '3493053445', 77, 3, '', 0, 1, 206, 16, '2017-01-31 16:23:12'),
(36925, 440, 50, 'open limp.', '72o', 'Small Blind', 9, 5, '3493053515', 0, 1, '', 0, 1, 206, 9, '2017-01-31 16:23:12'),
(36926, 701, 50, 'open limp.', 'Q3s', 'UTG+1', 14, 5, '3493053688', 0, 1, '', 0, 3, 206, 8, '2017-01-31 16:23:12'),
(36927, 615, 50, 'open limp.', 'K5s', 'Dealer', 12, 5, '3493053688', 0, 1, '', 0, 3, 206, 8, '2017-01-31 16:23:12'),
(36928, 740, 50, 'open limp.', 'T9o', 'UTG+1', 15, 5, '3493053781', 0, 1, '', 0, 3, 206, 7, '2017-01-31 16:23:12'),
(36929, 329, 50, 'open limp.', '94o', 'Small Blind', 7, 5, '3493053781', 0, 1, '', 0, 2, 206, 7, '2017-01-31 16:23:12'),
(36930, 676, 50, 'open limp.', 'Q9o', 'Small Blind', 14, 5, '3493053905', 0, 1, '', 0, 1, 206, 14, '2017-01-31 16:23:12'),
(36931, 429, 50, 'shove.', 'ATo', 'UTG', 9, 5, '3493053981', 429, 9, '', 0, 4, 206, 8, '2017-01-31 16:23:12'),
(36932, 615, 50, 'open bet.', 'AQs', 'UTG', 12, 5, '3493054189', 100, 2, '', 0, 4, 206, 7, '2017-01-31 16:23:12'),
(36933, 504, 50, 'call.', 'AQo', 'Dealer', 10, 5, '3493054189', 0, 2, '', 0, 3, 206, 7, '2017-01-31 16:23:12'),
(36934, 315, 100, 'shove.', 'QQ', 'UTG+1', 3, 5, '3493054333', 315, 3, '', 0, 3, 206, 3, '2017-01-31 16:23:12'),
(36935, 715, 100, 'shove.', 'KJo', 'Small Blind', 7, 5, '3493054391', 704, 7, '', 1, 1, 206, 7, '2017-01-31 16:23:12'),
(36936, 629, 100, 'shove.', 'K9o', 'Small Blind', 6, 5, '3493054461', 585, 6, '', 0, 1, 206, 5, '2017-01-31 16:23:12'),
(36937, 515, 100, 'call.', '87o', 'Small Blind', 5, 5, '3493054662', 0, 1, '', 0, 1, 206, 5, '2017-01-31 16:23:12'),
(36938, 815, 100, 'shove.', 'KJo', 'Big Blind', 8, 5, '3493054662', 777, 8, '', 1, 1, 206, 5, '2017-01-31 16:23:12'),
(36939, 415, 100, 'open bet.', 'T9s', 'Dealer', 4, 5, '3493054733', 200, 2, '', 0, 2, 206, 4, '2017-01-31 16:23:12'),
(36940, 729, 100, 'shove.', 'A9o', 'Big Blind', 7, 5, '3493054733', 698, 7, '', 0, 1, 206, 4, '2017-01-31 16:23:12'),
(36941, 415, 100, 'open bet.call shove.', 'T9s', 'Dealer', 4, 5, '3493054733', 215, 2, 'Big Blind', 0, 1, 206, 4, '2017-01-31 16:23:12'),
(36942, 1194, 100, 'open bet.', 'JTo', 'Small Blind', 12, 4, '3493054814', 753, 8, '', 0, 1, 206, 5, '2017-01-31 16:23:12'),
(36943, 526, 100, 'call.', 'K5o', 'Small Blind', 5, 4, '3493054922', 0, 1, '', 0, 1, 206, 5, '2017-01-31 16:23:12'),
(36944, 890, 150, 'open bet.', 'KJo', 'Dealer', 6, 4, '3493055075', 300, 2, '', 1, 2, 206, 2, '2017-01-31 16:23:12'),
(36945, 1294, 150, 'open bet.', 'J6s', 'Dealer', 9, 4, '3493055144', 721, 5, '', 0, 2, 206, 1, '2017-01-31 16:23:12'),
(36946, 1115, 150, 'open limp.', 'A8o', 'Big Blind', 7, 4, '3493055222', 0, 1, '', 1, 1, 206, 2, '2017-01-31 16:23:12'),
(36947, 552, 150, 'shove.', 'K5s', 'Dealer', 4, 4, '3493055278', 552, 4, '', 0, 2, 206, 4, '2017-01-31 16:23:12'),
(36948, 1129, 150, 'call.', '99', 'Big Blind', 8, 4, '3493055278', 0, 3, '', 0, 1, 206, 4, '2017-01-31 16:23:12'),
(36949, 764, 150, 'shove.', '77', 'UTG', 5, 4, '3493055427', 764, 5, '', 1, 3, 206, 1, '2017-01-31 16:23:12'),
(36950, 97, 150, 'call shove.', '99', 'Dealer', 1, 4, '3493055427', 97, 1, 'UTG', 0, 3, 206, 1, '2017-01-31 16:23:12'),
(36951, 366, 150, 'shove.', 'A5s', 'UTG', 2, 4, '3493055509', 366, 2, '', 0, 3, 206, 2, '2017-01-31 16:23:13'),
(36952, 720, 150, 'shove.', 'Q9s', 'Dealer', 5, 4, '3493055646', 690, 5, '', 1, 2, 206, 3, '2017-01-31 16:23:13'),
(36953, 720, 150, 'shove.call shove.', 'Q9s', 'Dealer', 5, 4, '3493055646', 30, 0, 'Dealer', 1, 2, 206, 3, '2017-01-31 16:23:13'),
(36954, 500, 20, 'open bet.', 'A5o', 'UTG+2', 25, 6, '3493052752', 40, 2, '', 1, 3, 207, 25, '2017-01-31 16:23:13'),
(36955, 500, 20, 'call.', '93o', 'Small Blind', 25, 6, '3493052752', 0, 2, '', 0, 2, 207, 25, '2017-01-31 16:23:13'),
(36956, 500, 20, 'call.', 'T8o', 'Big Blind', 25, 6, '3493052752', 0, 1, '', 0, 2, 207, 25, '2017-01-31 16:23:13'),
(36957, 500, 20, 'open limp.', 'A4o', 'UTG+2', 25, 6, '3493053011', 0, 1, '', 0, 3, 207, 23, '2017-01-31 16:23:13'),
(36958, 460, 20, 'open limp.', 'KQo', 'Dealer', 23, 6, '3493053011', 0, 1, '', 0, 3, 207, 23, '2017-01-31 16:23:13'),
(36959, 420, 20, 'open limp.', '73s', 'UTG+2', 21, 6, '3493053312', 0, 1, '', 0, 3, 207, 21, '2017-01-31 16:23:13'),
(36960, 460, 20, 'open limp.', '43o', 'Small Blind', 23, 6, '3493053312', 0, 1, '', 0, 2, 207, 21, '2017-01-31 16:23:13'),
(36961, 230, 30, 'open limp.', '76o', 'UTG+1', 8, 6, '3493053583', 0, 1, '', 0, 4, 207, 8, '2017-01-31 16:23:13'),
(36962, 200, 30, 'open limp.', 'K2s', 'UTG', 7, 6, '3493053719', 0, 1, '', 0, 5, 207, 7, '2017-01-31 16:23:13'),
(36963, 625, 30, 'open limp.', 'Q8s', 'Small Blind', 21, 6, '3493053719', 0, 1, '', 1, 2, 207, 7, '2017-01-31 16:23:13'),
(36964, 590, 30, 'open bet.', 'AKs', 'Big Blind', 20, 6, '3493053719', 90, 3, '', 0, 2, 207, 7, '2017-01-31 16:23:13'),
(36965, 200, 30, 'open limp.call.', 'K2s', 'UTG', 7, 6, '3493053719', 0, 2, '', 0, 2, 207, 7, '2017-01-31 16:23:13'),
(36966, 625, 30, 'open limp.call.', 'Q8s', 'Small Blind', 21, 6, '3493053719', 0, 2, '', 1, 2, 207, 7, '2017-01-31 16:23:13'),
(36967, 535, 30, 'shove.', '87s', 'UTG+1', 18, 5, '3493054011', 530, 18, '', 1, 3, 207, 16, '2017-01-31 16:23:13'),
(36968, 450, 30, 'open bet.', 'K9s', 'Dealer', 15, 5, '3493054101', 90, 3, '', 0, 2, 207, 15, '2017-01-31 16:23:13'),
(36969, 865, 30, 'open limp.', 'ATs', 'UTG', 29, 5, '3493054192', 0, 1, '', 0, 4, 207, 15, '2017-01-31 16:23:13'),
(36970, 495, 50, 'open limp.', '96s', 'UTG', 10, 5, '3493054327', 0, 1, '', 0, 4, 207, 8, '2017-01-31 16:23:13'),
(36971, 625, 50, 'shove.', 'KQs', 'Small Blind', 13, 5, '3493054327', 595, 12, '', 1, 2, 207, 10, '2017-01-31 16:23:13'),
(36972, 785, 50, 'open bet.', 'AJo', 'Small Blind', 16, 5, '3493054488', 150, 3, '', 0, 1, 207, 9, '2017-01-31 16:23:13'),
(36973, 445, 50, 'call.', 'A2s', 'Big Blind', 9, 5, '3493054488', 0, 2, '', 0, 1, 207, 9, '2017-01-31 16:23:13'),
(36974, 445, 50, 'open bet.', 'ATo', 'Small Blind', 9, 5, '3493054602', 150, 3, '', 0, 1, 207, 9, '2017-01-31 16:23:13'),
(36975, 495, 50, 'open limp.', 'T7o', 'Dealer', 10, 5, '3493054695', 0, 1, '', 0, 2, 207, 8, '2017-01-31 16:23:13'),
(36976, 575, 50, 'open limp.', '92s', 'Small Blind', 12, 5, '3493054695', 0, 1, '', 0, 2, 207, 8, '2017-01-31 16:23:13'),
(36977, 370, 50, 'open limp.', '92o', 'Small Blind', 7, 4, '3493054935', 0, 1, '', 0, 1, 207, 7, '2017-01-31 16:23:13'),
(36978, 270, 100, 'shove.', 'J7o', 'Dealer', 3, 4, '3493055100', 270, 3, '', 0, 2, 207, 3, '2017-01-31 16:23:13'),
(36979, 1170, 100, 'call.', '65o', 'Small Blind', 12, 3, '3493055291', 0, 1, '', 0, 1, 207, 12, '2017-01-31 16:23:13'),
(36980, 1095, 100, 'call.', '65s', 'Small Blind', 11, 3, '3493055421', 0, 1, '', 1, 1, 207, 6, '2017-01-31 16:23:13'),
(36981, 835, 100, 'call.', 'K5s', 'Small Blind', 8, 3, '3493055536', 0, 1, '', 0, 1, 207, 8, '2017-01-31 16:23:13'),
(36982, 1370, 100, 'call.', 'A5o', 'Small Blind', 14, 3, '3493055699', 0, 1, '', 0, 1, 207, 9, '2017-01-31 16:23:13'),
(36983, 1095, 150, 'shove.', 'Q5s', 'Small Blind', 7, 3, '3493055975', 998, 7, '', 1, 1, 207, 5, '2017-01-31 16:23:13'),
(36984, 1245, 150, 'call.', '96o', 'Small Blind', 8, 3, '3493056095', 0, 1, '', 0, 1, 207, 8, '2017-01-31 16:23:13'),
(36985, 1545, 150, 'open bet.', 'KQo', 'Dealer', 10, 3, '3493056233', 300, 2, '', 0, 2, 207, 3, '2017-01-31 16:23:13'),
(36986, 1545, 150, 'open bet.call.', 'KQo', 'Dealer', 10, 3, '3493056233', 0, 1, '', 0, 1, 207, 3, '2017-01-31 16:23:13'),
(36987, 870, 150, 'shove.', 'A5o', 'Dealer', 6, 2, '3493056330', 870, 6, '', 1, 1, 207, 6, '2017-01-31 16:23:13'),
(36988, 1095, 150, 'shove.', 'T9o', 'Dealer', 7, 2, '3493056445', 1095, 7, '', 1, 1, 207, 7, '2017-01-31 16:23:13'),
(36989, 1755, 150, 'call.', 'Q2o', 'Dealer', 12, 2, '3493056489', 0, 1, '', 0, 1, 207, 8, '2017-01-31 16:23:13'),
(36990, 1395, 150, 'open bet.', '93o', 'Dealer', 9, 2, '3493056550', 300, 2, '', 1, 1, 207, 9, '2017-01-31 16:23:13'),
(36991, 1905, 150, 'shove.', 'K6o', 'Dealer', 13, 2, '3493056616', 1905, 13, '', 0, 1, 207, 7, '2017-01-31 16:23:13'),
(36992, 2130, 200, 'open bet.', 'A2s', 'Dealer', 11, 2, '3493056718', 400, 2, '', 0, 1, 207, 4, '2017-01-31 16:23:13'),
(36993, 670, 200, 'shove.', 'J9o', 'Dealer', 3, 2, '3493056765', 670, 3, '', 1, 1, 207, 3, '2017-01-31 16:23:13'),
(36994, 2330, 200, 'call.', 'Q2o', 'Big Blind', 12, 2, '3493056765', 0, 2, '', 0, 1, 207, 3, '2017-01-31 16:23:13'),
(36995, 500, 20, 'open limp.', 'K6o', 'UTG+1', 25, 6, '3493053153', 0, 1, '', 0, 4, 208, 25, '2017-01-31 16:23:13'),
(36996, 480, 20, 'open limp.', 'A2s', 'Small Blind', 24, 6, '3493053444', 0, 1, '', 0, 1, 208, 24, '2017-01-31 16:23:13'),
(36997, 500, 20, 'open limp.', 'AKo', 'UTG+1', 25, 6, '3493053635', 0, 1, '', 0, 4, 208, 23, '2017-01-31 16:23:13'),
(36998, 490, 20, 'open bet.', 'TT', 'UTG+1', 25, 6, '3493053812', 40, 2, '', 0, 4, 208, 23, '2017-01-31 16:23:13'),
(36999, 500, 20, 'call.', 'QTo', 'Big Blind', 25, 6, '3493053812', 0, 1, '', 1, 1, 208, 25, '2017-01-31 16:23:13'),
(37000, 540, 30, 'open limp.', 'A4s', 'UTG', 18, 6, '3493053938', 0, 1, '', 0, 5, 208, 14, '2017-01-31 16:23:13'),
(37001, 420, 30, 'open bet.', 'JTs', 'Big Blind', 14, 6, '3493053938', 60, 2, '', 0, 1, 208, 14, '2017-01-31 16:23:13'),
(37002, 540, 30, 'open limp.call.', 'A4s', 'UTG', 18, 6, '3493053938', 0, 1, '', 0, 1, 208, 14, '2017-01-31 16:23:13'),
(37003, 610, 30, 'open limp.', 'A4s', 'UTG+2', 20, 6, '3493054142', 0, 1, '', 0, 3, 208, 13, '2017-01-31 16:23:13'),
(37004, 585, 30, 'open limp.', '86o', 'Small Blind', 20, 6, '3493054142', 0, 1, '', 0, 2, 208, 13, '2017-01-31 16:23:13'),
(37005, 555, 30, 'open limp.', 'ATo', 'Dealer', 19, 6, '3493054345', 0, 1, '', 0, 2, 208, 10, '2017-01-31 16:23:13'),
(37006, 730, 30, 'open limp.', 'A9s', 'UTG', 24, 6, '3493054484', 0, 1, '', 0, 5, 208, 10, '2017-01-31 16:23:13'),
(37007, 600, 30, 'open limp.', 'T8o', 'UTG+2', 20, 6, '3493054484', 0, 1, '', 0, 4, 208, 10, '2017-01-31 16:23:13'),
(37008, 285, 50, 'open bet.', 'AJo', 'UTG+2', 6, 6, '3493054659', 100, 2, '', 0, 3, 208, 6, '2017-01-31 16:23:13'),
(37009, 285, 50, 'open bet.call shove.', 'AJo', 'UTG+2', 6, 6, '3493054659', 185, 4, 'UTG+2', 0, 1, 208, 6, '2017-01-31 16:23:13'),
(37010, 450, 50, 'open limp.', '76s', 'UTG', 9, 5, '3493054762', 0, 1, '', 0, 4, 208, 8, '2017-01-31 16:23:13'),
(37011, 875, 50, 'open limp.', 'A5o', 'Small Blind', 18, 5, '3493054762', 0, 1, '', 0, 2, 208, 9, '2017-01-31 16:23:13'),
(37012, 825, 50, 'open limp.', 'AQo', 'Dealer', 17, 5, '3493054958', 0, 1, '', 0, 2, 208, 8, '2017-01-31 16:23:13'),
(37013, 545, 50, 'shove.', 'A7o', 'Small Blind', 11, 5, '3493054958', 541, 11, '', 1, 2, 208, 8, '2017-01-31 16:23:13'),
(37014, 815, 50, 'open bet.', '44', 'UTG', 16, 4, '3493055064', 100, 2, '', 0, 3, 208, 8, '2017-01-31 16:23:13'),
(37015, 995, 50, 'shove.', 'K8s', 'Dealer', 20, 4, '3493055064', 995, 20, '', 1, 2, 208, 8, '2017-01-31 16:23:13'),
(37016, 775, 50, 'open limp.', 'ATo', 'UTG', 16, 3, '3493055212', 0, 1, '', 0, 2, 208, 14, '2017-01-31 16:23:13'),
(37017, 665, 100, 'call.', '54s', 'Small Blind', 7, 3, '3493055567', 0, 1, '', 0, 1, 208, 7, '2017-01-31 16:23:13'),
(37018, 1340, 100, 'call.', 'Q3o', 'Dealer', 13, 2, '3493055704', 0, 1, '', 0, 1, 208, 13, '2017-01-31 16:23:13'),
(37019, 1660, 100, 'shove.', 'J7s', 'Big Blind', 17, 2, '3493055704', 1594, 16, '', 1, 1, 208, 13, '2017-01-31 16:23:13'),
(37020, 1760, 100, 'open bet.', 'Q6s', 'Dealer', 18, 2, '3493055834', 215, 2, '', 1, 1, 208, 12, '2017-01-31 16:23:13'),
(37021, 1240, 100, 'shove.', 'Q8s', 'Big Blind', 12, 2, '3493055834', 1130, 11, '', 0, 1, 208, 12, '2017-01-31 16:23:13'),
(37022, 1455, 100, 'call.', 'AJo', 'Dealer', 15, 2, '3493055964', 0, 1, '', 0, 1, 208, 15, '2017-01-31 16:23:13'),
(37023, 1445, 100, 'open bet.', '53o', 'Dealer', 14, 2, '3493056092', 200, 2, '', 1, 1, 208, 14, '2017-01-31 16:23:13'),
(37024, 1555, 100, 'open bet.', 'A8o', 'Big Blind', 16, 2, '3493056092', 300, 3, '', 0, 1, 208, 14, '2017-01-31 16:23:13'),
(37025, 1755, 150, 'call.', '33', 'Dealer', 12, 2, '3493056175', 0, 1, '', 0, 1, 208, 8, '2017-01-31 16:23:13'),
(37026, 1095, 150, 'open bet.', 'TT', 'Dealer', 7, 2, '3493056411', 300, 2, '', 1, 1, 208, 7, '2017-01-31 16:23:13'),
(37027, 1905, 150, 'open bet.', 'QJo', 'Big Blind', 13, 2, '3493056411', 450, 3, '', 0, 1, 208, 7, '2017-01-31 16:23:13'),
(37028, 1095, 150, 'open bet.shove.', 'TT', 'Dealer', 7, 2, '3493056411', 1095, 7, 'Dealer', 1, 1, 208, 7, '2017-01-31 16:23:13'),
(37029, 1905, 150, 'open bet.call.', 'QJo', 'Big Blind', 13, 2, '3493056411', 0, 4, 'Big Blind', 0, 1, 208, 7, '2017-01-31 16:23:13'),
(37030, 810, 150, 'call.', 'Q6o', 'Dealer', 5, 2, '3493056522', 0, 1, '', 0, 1, 208, 5, '2017-01-31 16:23:13'),
(37031, 2190, 150, 'shove.', 'A2s', 'Big Blind', 15, 2, '3493056522', 2172, 14, '', 1, 1, 208, 5, '2017-01-31 16:23:13'),
(37032, 810, 150, 'call.call shove.', 'Q6o', 'Dealer', 5, 2, '3493056522', 660, 4, 'Big Blind', 0, 1, 208, 5, '2017-01-31 16:23:13'),
(37033, 500, 20, 'open bet.', 'JJ', 'UTG', 25, 6, '3493053557', 40, 2, '', 0, 5, 209, 25, '2017-01-31 16:23:13'),
(37034, 500, 20, 'open bet.', 'AKo', 'UTG+2', 25, 6, '3493053557', 161, 8, '', 0, 4, 209, 25, '2017-01-31 16:23:13'),
(37035, 500, 20, 'open bet.shove.', 'JJ', 'UTG', 25, 6, '3493053557', 500, 25, 'UTG', 0, 1, 209, 25, '2017-01-31 16:23:13'),
(37036, 500, 20, 'open bet.call shove.', 'AKo', 'UTG+2', 25, 6, '3493053557', 339, 17, 'UTG', 0, 1, 209, 25, '2017-01-31 16:23:13'),
(37037, 500, 20, 'open bet.', 'K7o', 'UTG+1', 25, 5, '3493053818', 50, 3, '', 0, 3, 209, 24, '2017-01-31 16:23:13'),
(37038, 480, 20, 'call.', 'JTs', 'Small Blind', 24, 5, '3493053818', 0, 2, '', 0, 2, 209, 24, '2017-01-31 16:23:13'),
(37039, 500, 20, 'call.', 'K9s', 'Big Blind', 25, 5, '3493053818', 0, 2, '', 0, 2, 209, 24, '2017-01-31 16:23:13'),
(37040, 385, 20, 'open limp.', '43o', 'Small Blind', 19, 5, '3493053972', 0, 1, '', 0, 1, 209, 19, '2017-01-31 16:23:13'),
(37041, 1030, 20, 'open bet.', 'A8s', 'Big Blind', 52, 5, '3493053972', 120, 6, '', 0, 1, 209, 19, '2017-01-31 16:23:13'),
(37042, 490, 20, 'shove.', 'AQo', 'UTG', 25, 5, '3493054112', 490, 25, '', 1, 4, 209, 18, '2017-01-31 16:23:13'),
(37043, 365, 20, 'call shove.', 'AKo', 'Dealer', 18, 5, '3493054112', 365, 18, 'UTG', 0, 3, 209, 18, '2017-01-31 16:23:13'),
(37044, 645, 30, 'call.', 'Q3o', 'Big Blind', 22, 5, '3493054326', 0, 3, '', 0, 1, 209, 4, '2017-01-31 16:23:13'),
(37045, 775, 30, 'open limp.', 'K2o', 'Small Blind', 26, 5, '3493054510', 0, 1, '', 0, 1, 209, 26, '2017-01-31 16:23:13'),
(37046, 525, 30, 'open limp.', 'KTo', 'UTG+1', 18, 5, '3493054641', 0, 1, '', 0, 3, 209, 15, '2017-01-31 16:23:13'),
(37047, 745, 30, 'open limp.', 'A2s', 'Dealer', 25, 5, '3493054641', 0, 1, '', 0, 3, 209, 15, '2017-01-31 16:23:13'),
(37048, 1070, 30, 'open limp.', 'KTs', 'Small Blind', 36, 5, '3493054641', 0, 1, '', 0, 3, 209, 15, '2017-01-31 16:23:13'),
(37049, 690, 30, 'open bet.', 'A8s', 'Dealer', 23, 5, '3493054939', 67, 2, '', 0, 2, 209, 6, '2017-01-31 16:23:13'),
(37050, 165, 50, 'shove.', 'AQs', 'Dealer', 3, 5, '3493055019', 165, 3, '', 1, 2, 209, 3, '2017-01-31 16:23:14'),
(37051, 465, 50, 'open bet.', 'KQo', 'Small Blind', 9, 5, '3493055019', 280, 6, '', 0, 2, 209, 3, '2017-01-31 16:23:14'),
(37052, 640, 50, 'open bet.', 'KTo', 'Dealer', 13, 5, '3493055178', 100, 2, '', 0, 2, 209, 13, '2017-01-31 16:23:14'),
(37053, 735, 50, 'call.', 'J9o', 'Big Blind', 15, 5, '3493055178', 0, 1, '', 0, 1, 209, 13, '2017-01-31 16:23:14'),
(37054, 300, 50, 'shove.', '88', 'UTG', 6, 5, '3493055324', 300, 6, '', 0, 4, 209, 2, '2017-01-31 16:23:14'),
(37055, 1305, 50, 'open bet.', 'KTo', 'UTG', 26, 4, '3493055430', 100, 2, '', 0, 3, 209, 7, '2017-01-31 16:23:14'),
(37056, 480, 50, 'shove.', 'J8s', 'UTG', 10, 4, '3493055649', 480, 10, '', 1, 3, 209, 7, '2017-01-31 16:23:14'),
(37057, 820, 100, 'open bet.', 'AKo', 'UTG', 8, 4, '3493055937', 200, 2, '', 0, 3, 209, 2, '2017-01-31 16:23:14'),
(37058, 820, 100, 'open bet.call shove.', 'AKo', 'UTG', 8, 4, '3493055937', 620, 6, 'UTG', 0, 1, 209, 8, '2017-01-31 16:23:14'),
(37059, 235, 100, 'shove.', 'K6o', 'UTG', 2, 4, '3493056066', 235, 2, '', 1, 3, 209, 2, '2017-01-31 16:23:14'),
(37060, 690, 100, 'open bet.', 'A7o', 'UTG', 7, 4, '3493056157', 200, 2, '', 0, 3, 209, 2, '2017-01-31 16:23:14'),
(37061, 150, 100, 'call shove.', 'A9s', 'Dealer', 2, 4, '3493056157', 150, 2, 'UTG', 0, 3, 209, 2, '2017-01-31 16:23:14'),
(37062, 1590, 100, 'call.', 'QJs', 'Small Blind', 16, 4, '3493056157', 0, 2, 'UTG', 0, 3, 209, 2, '2017-01-31 16:23:14'),
(37063, 1390, 100, 'open bet.', 'QTo', 'Dealer', 14, 3, '3493056379', 200, 2, '', 0, 2, 209, 5, '2017-01-31 16:23:14'),
(37064, 1145, 150, 'call.', 'T8s', 'Small Blind', 8, 3, '3493056560', 0, 1, '', 1, 1, 209, 3, '2017-01-31 16:23:14'),
(37065, 1365, 150, 'call.', 'A9o', 'Big Blind', 9, 3, '3493056679', 0, 3, '', 0, 1, 209, 4, '2017-01-31 16:23:14'),
(37066, 1070, 150, 'shove.', 'A4o', 'Dealer', 7, 2, '3493057001', 1070, 7, '', 1, 1, 209, 7, '2017-01-31 16:23:14'),
(37067, 1780, 150, 'shove.', 'A9o', 'Dealer', 12, 2, '3493057107', 1780, 12, '', 0, 1, 209, 8, '2017-01-31 16:23:14'),
(37068, 2440, 150, 'shove.', 'ATo', 'Dealer', 16, 2, '3493057179', 2308, 15, '', 1, 1, 209, 4, '2017-01-31 16:23:14'),
(37069, 1980, 200, 'shove.', 'T2s', 'Dealer', 10, 2, '3493057287', 1980, 10, '', 1, 1, 209, 5, '2017-01-31 16:23:14'),
(37070, 500, 20, 'open limp.', 'AJo', 'UTG', 25, 6, '3493433868', 0, 1, '', 0, 5, 213, 25, '2017-01-31 16:23:14'),
(37071, 500, 20, 'open limp.', 'KTo', 'Small Blind', 25, 6, '3493433868', 0, 1, '', 0, 2, 213, 25, '2017-01-31 16:23:14'),
(37072, 500, 20, 'open bet.', 'AKo', 'Big Blind', 25, 6, '3493433868', 70, 4, '', 0, 2, 213, 25, '2017-01-31 16:23:14'),
(37073, 500, 20, 'open limp.call.', 'AJo', 'UTG', 25, 6, '3493433868', 0, 3, '', 0, 2, 213, 25, '2017-01-31 16:23:14'),
(37074, 500, 20, 'open limp.call.', 'KTo', 'Small Blind', 25, 6, '3493433868', 0, 3, '', 0, 2, 213, 25, '2017-01-31 16:23:14'),
(37075, 500, 20, 'open limp.', 'A4s', 'UTG+2', 25, 6, '3493434222', 0, 1, '', 0, 3, 213, 17, '2017-01-31 16:23:14'),
(37076, 345, 20, 'open bet.', 'JJ', 'Dealer', 17, 6, '3493434222', 90, 5, '', 0, 3, 213, 17, '2017-01-31 16:23:14'),
(37077, 500, 20, 'open limp.call.', 'A4s', 'UTG+2', 25, 6, '3493434222', 0, 4, '', 0, 1, 213, 17, '2017-01-31 16:23:14'),
(37078, 465, 20, 'open limp.', 'K6o', 'UTG+2', 23, 6, '3493434410', 0, 1, '', 0, 3, 213, 21, '2017-01-31 16:23:14'),
(37079, 410, 20, 'open limp.', 'Q2o', 'Small Blind', 21, 6, '3493434410', 0, 1, '', 0, 2, 213, 21, '2017-01-31 16:23:14'),
(37080, 390, 20, 'open limp.', 'K2s', 'Dealer', 20, 6, '3493434520', 0, 1, '', 0, 2, 213, 20, '2017-01-31 16:23:14'),
(37081, 505, 30, 'open limp.', 'KTo', 'UTG', 17, 6, '3493434713', 0, 1, '', 0, 5, 213, 12, '2017-01-31 16:23:14'),
(37082, 470, 30, 'open bet.', '99', 'Dealer', 16, 6, '3493434713', 135, 5, '', 0, 3, 213, 14, '2017-01-31 16:23:14'),
(37083, 535, 30, 'shove.', '77', 'Dealer', 18, 6, '3493434786', 530, 18, '', 1, 2, 213, 13, '2017-01-31 16:23:14'),
(37084, 350, 30, 'open limp.', '44', 'UTG', 12, 6, '3493434894', 0, 1, '', 0, 5, 213, 5, '2017-01-31 16:23:14'),
(37085, 445, 30, 'open limp.', 'J8o', 'Small Blind', 15, 6, '3493434894', 0, 1, '', 0, 2, 213, 12, '2017-01-31 16:23:14'),
(37086, 415, 30, 'open bet.', 'A8o', 'UTG+2', 14, 6, '3493435235', 60, 2, '', 0, 3, 213, 13, '2017-01-31 16:23:14'),
(37087, 460, 30, 'open limp.', 'A4s', 'UTG+1', 15, 6, '3493435305', 0, 1, '', 0, 4, 213, 5, '2017-01-31 16:23:14'),
(37088, 365, 30, 'open limp.', '22', 'Dealer', 12, 6, '3493435305', 0, 1, '', 0, 3, 213, 5, '2017-01-31 16:23:14'),
(37089, 715, 50, 'open bet.', 'KQo', 'UTG+1', 14, 6, '3493435449', 100, 2, '', 0, 4, 213, 5, '2017-01-31 16:23:14'),
(37090, 335, 50, 'call.', 'KTo', 'UTG+2', 7, 6, '3493435449', 0, 2, '', 0, 4, 213, 5, '2017-01-31 16:23:14'),
(37091, 740, 50, 'open limp.', 'K5o', 'Small Blind', 15, 5, '3493435632', 0, 1, '', 0, 1, 213, 9, '2017-01-31 16:23:14'),
(37092, 1150, 50, 'open limp.', 'J8s', 'Small Blind', 23, 5, '3493435798', 0, 1, '', 0, 1, 213, 10, '2017-01-31 16:23:14'),
(37093, 455, 50, 'open limp.', 'K3o', 'UTG+1', 9, 5, '3493435883', 0, 1, '', 0, 3, 213, 4, '2017-01-31 16:23:14'),
(37094, 1200, 50, 'open bet.', 'KQo', 'UTG+1', 24, 5, '3493435980', 100, 2, '', 0, 3, 213, 6, '2017-01-31 16:23:14'),
(37095, 1200, 50, 'open bet.call.', 'KQo', 'UTG+1', 24, 5, '3493435980', 0, 4, '', 0, 1, 213, 6, '2017-01-31 16:23:14'),
(37096, 425, 50, 'open bet.', 'QTo', 'UTG+1', 9, 5, '3493436090', 150, 3, '', 0, 3, 213, 8, '2017-01-31 16:23:14'),
(37097, 405, 50, 'call.', 'KQs', 'Big Blind', 8, 5, '3493436090', 0, 2, '', 0, 1, 213, 8, '2017-01-31 16:23:14'),
(37098, 20, 100, 'call shove.', 'J6o', 'UTG', 0, 5, '3493436214', 20, 0, '', 0, 4, 213, 0, '2017-01-31 16:23:14'),
(37099, 835, 100, 'open bet.', 'KK', 'Small Blind', 8, 5, '3493436214', 300, 3, '', 0, 2, 213, 0, '2017-01-31 16:23:14'),
(37100, 615, 100, 'open limp.', 'K8s', 'UTG', 6, 4, '3493436325', 0, 1, '', 0, 3, 213, 6, '2017-01-31 16:23:14'),
(37101, 820, 100, 'call.', '98s', 'Small Blind', 8, 4, '3493436325', 0, 1, '', 0, 2, 213, 6, '2017-01-31 16:23:14'),
(37102, 720, 100, 'shove.', 'KJo', 'UTG', 7, 4, '3493436521', 720, 7, '', 0, 3, 213, 6, '2017-01-31 16:23:14'),
(37103, 760, 100, 'shove.', 'Q8o', 'UTG', 8, 4, '3493436584', 760, 8, '', 1, 3, 213, 5, '2017-01-31 16:23:14'),
(37104, 515, 100, 'call shove.', 'KJo', 'Dealer', 5, 4, '3493436584', 515, 5, 'UTG', 0, 3, 213, 5, '2017-01-31 16:23:14'),
(37105, 1180, 100, 'shove.', 'AQo', 'UTG', 12, 4, '3493436665', 1180, 12, '', 0, 3, 213, 2, '2017-01-31 16:23:14'),
(37106, 500, 20, 'open limp.', 'Q7s', 'UTG+1', 25, 6, '3493434593', 0, 1, '', 0, 4, 214, 25, '2017-01-31 16:23:14'),
(37107, 500, 20, 'open limp.', 'QJo', 'Small Blind', 25, 6, '3493434593', 0, 1, '', 1, 2, 214, 25, '2017-01-31 16:23:14'),
(37108, 500, 20, 'open limp.', 'T9o', 'Dealer', 25, 6, '3493435126', 0, 1, '', 0, 3, 214, 24, '2017-01-31 16:23:14'),
(37109, 490, 20, 'open limp.', 'K6o', 'Small Blind', 25, 6, '3493435126', 0, 1, '', 0, 3, 214, 24, '2017-01-31 16:23:14'),
(37110, 480, 30, 'open bet.', 'A6o', 'Small Blind', 16, 6, '3493435334', 60, 2, '', 0, 2, 214, 16, '2017-01-31 16:23:14'),
(37111, 470, 30, 'open limp.', '44', 'UTG+2', 16, 6, '3493435462', 0, 1, '', 0, 4, 214, 16, '2017-01-31 16:23:14'),
(37112, 660, 30, 'open limp.', '76o', 'Small Blind', 22, 6, '3493435774', 0, 1, '', 1, 1, 214, 16, '2017-01-31 16:23:14'),
(37113, 690, 30, 'shove.', '99', 'Dealer', 23, 6, '3493435893', 690, 23, '', 1, 2, 214, 15, '2017-01-31 16:23:14'),
(37114, 510, 30, 'open bet.', 'Q7o', 'Small Blind', 17, 6, '3493436036', 60, 2, '', 0, 1, 214, 12, '2017-01-31 16:23:14'),
(37115, 365, 30, 'call.', '22', 'Big Blind', 12, 6, '3493436036', 0, 1, '', 0, 1, 214, 12, '2017-01-31 16:23:14'),
(37116, 735, 50, 'open bet.', 'AJo', 'UTG+1', 15, 6, '3493436174', 150, 3, '', 1, 4, 214, 6, '2017-01-31 16:23:14'),
(37117, 570, 50, 'open bet.', 'KK', 'UTG+2', 11, 6, '3493436288', 100, 2, '', 0, 3, 214, 6, '2017-01-31 16:23:14'),
(37118, 425, 50, 'shove.', 'QQ', 'UTG', 9, 6, '3493436429', 425, 9, '', 0, 5, 214, 6, '2017-01-31 16:23:14'),
(37119, 435, 50, 'call.', 'KJo', 'Dealer', 9, 6, '3493436429', 0, 9, '', 0, 3, 214, 8, '2017-01-31 16:23:14'),
(37120, 280, 50, 'open limp.', 'QJo', 'UTG', 6, 6, '3493436693', 0, 1, '', 0, 5, 214, 0, '2017-01-31 16:23:14'),
(37121, 10, 50, 'call shove.', 'QJo', 'UTG+1', 0, 6, '3493436693', 10, 0, '', 0, 5, 214, 0, '2017-01-31 16:23:14'),
(37122, 735, 50, 'shove.', 'A7o', 'UTG+2', 15, 6, '3493436899', 668, 13, '', 1, 3, 214, 7, '2017-01-31 16:23:14'),
(37123, 925, 50, 'call.', 'QTs', 'Dealer', 19, 6, '3493436899', 0, 13, '', 0, 3, 214, 7, '2017-01-31 16:23:14'),
(37124, 380, 100, 'shove.', 'AQs', 'UTG', 4, 6, '3493437074', 380, 4, '', 0, 5, 214, 0, '2017-01-31 16:23:14'),
(37125, 280, 100, 'call shove.', '77', 'UTG+1', 3, 6, '3493437074', 280, 3, 'UTG', 1, 5, 214, 0, '2017-01-31 16:23:14'),
(37126, 1835, 100, 'call.', 'KQo', 'Dealer', 18, 6, '3493437074', 0, 4, 'UTG', 0, 4, 214, 0, '2017-01-31 16:23:14'),
(37127, 500, 20, 'open bet.', 'ATo', 'UTG+2', 25, 6, '3493434956', 40, 2, '', 0, 3, 215, 25, '2017-01-31 16:23:14'),
(37128, 500, 20, 'call.', 'A2o', 'Big Blind', 25, 6, '3493434956', 0, 1, '', 0, 1, 215, 25, '2017-01-31 16:23:14'),
(37129, 550, 20, 'open bet.', 'K9o', 'UTG+1', 28, 6, '3493435211', 40, 2, '', 0, 4, 215, 23, '2017-01-31 16:23:14'),
(37130, 500, 20, 'shove.', '66', 'UTG+2', 25, 6, '3493435211', 500, 25, '', 1, 4, 215, 23, '2017-01-31 16:23:14'),
(37131, 510, 20, 'open bet.', 'A8s', 'UTG', 26, 6, '3493435344', 40, 2, '', 0, 5, 215, 23, '2017-01-31 16:23:14'),
(37132, 500, 20, 'call.', 'A3o', 'Big Blind', 25, 6, '3493435344', 0, 1, '', 0, 1, 215, 25, '2017-01-31 16:23:14'),
(37133, 570, 20, 'open bet.', 'QJo', 'UTG', 29, 6, '3493435522', 45, 2, '', 1, 5, 215, 23, '2017-01-31 16:23:14'),
(37134, 490, 20, 'open limp.', '65s', 'UTG', 25, 6, '3493435637', 0, 1, '', 0, 5, 215, 23, '2017-01-31 16:23:14'),
(37135, 530, 30, 'open limp.', 'Q4s', 'Dealer', 18, 6, '3493435859', 0, 1, '', 0, 2, 215, 18, '2017-01-31 16:23:14'),
(37136, 560, 30, 'open limp.', '65s', 'Small Blind', 19, 6, '3493435859', 0, 1, '', 1, 2, 215, 18, '2017-01-31 16:23:14'),
(37137, 450, 30, 'shove.', 'ATs', 'UTG+1', 15, 6, '3493436068', 450, 15, '', 0, 4, 215, 15, '2017-01-31 16:23:14'),
(37138, 590, 30, 'open limp.', 'K2s', 'UTG+1', 20, 5, '3493436202', 0, 1, '', 0, 3, 215, 16, '2017-01-31 16:23:14'),
(37139, 530, 30, 'open bet.', 'JJ', 'UTG', 18, 5, '3493436541', 90, 3, '', 1, 4, 215, 14, '2017-01-31 16:23:14'),
(37140, 620, 30, 'call.', 'K7o', 'Big Blind', 21, 5, '3493436541', 0, 2, '', 0, 1, 215, 18, '2017-01-31 16:23:14'),
(37141, 425, 50, 'shove.', 'AQo', 'UTG', 9, 5, '3493436939', 425, 9, '', 0, 4, 215, 9, '2017-01-31 16:23:14'),
(37142, 730, 50, 'open limp.', 'Q3o', 'UTG+1', 15, 5, '3493437031', 0, 1, '', 0, 3, 215, 0, '2017-01-31 16:23:14'),
(37143, 10, 50, 'call shove.', '88', 'Dealer', 0, 5, '3493437031', 10, 0, '', 1, 3, 215, 0, '2017-01-31 16:23:14'),
(37144, 445, 50, 'open bet.', 'AQs', 'Small Blind', 9, 5, '3493437031', 150, 3, '', 0, 3, 215, 0, '2017-01-31 16:23:14'),
(37145, 705, 50, 'open limp.', '73o', 'Small Blind', 14, 5, '3493437462', 0, 0, '', 0, 1, 215, 1, '2017-01-31 16:23:14'),
(37146, 665, 100, 'open limp.', 'T9o', 'Dealer', 7, 5, '3493437562', 0, 1, '', 0, 2, 215, 1, '2017-01-31 16:23:14'),
(37147, 500, 20, 'open bet.', 'AKo', 'Dealer', 25, 6, '3493435644', 70, 4, '', 0, 2, 216, 25, '2017-01-31 16:23:14'),
(37148, 480, 20, 'open limp.', 'T6o', 'Small Blind', 24, 6, '3493435854', 0, 1, '', 0, 1, 216, 24, '2017-01-31 16:23:14'),
(37149, 540, 20, 'open limp.', 'KJo', 'Dealer', 27, 6, '3493436067', 0, 1, '', 0, 2, 216, 22, '2017-01-31 16:23:14'),
(37150, 440, 20, 'open limp.', 'J4s', 'Small Blind', 22, 6, '3493436067', 0, 1, '', 0, 2, 216, 22, '2017-01-31 16:23:14'),
(37151, 490, 20, 'open bet.', 'KJo', 'UTG+1', 25, 6, '3493436388', 60, 3, '', 0, 4, 216, 18, '2017-01-31 16:23:14'),
(37152, 700, 30, 'open limp.', 'A2o', 'UTG+1', 23, 6, '3493436540', 0, 1, '', 0, 4, 216, 12, '2017-01-31 16:23:14'),
(37153, 360, 30, 'open limp.', '66', 'UTG+2', 12, 6, '3493436540', 0, 1, '', 0, 4, 216, 12, '2017-01-31 16:23:14'),
(37154, 480, 30, 'open bet.', 'AA', 'Small Blind', 16, 6, '3493436540', 120, 4, '', 0, 3, 216, 12, '2017-01-31 16:23:14'),
(37155, 700, 30, 'open limp.call.', 'A2o', 'UTG+1', 23, 6, '3493436540', 0, 3, '', 0, 2, 216, 12, '2017-01-31 16:23:14'),
(37156, 360, 30, 'open limp.call.', '66', 'UTG+2', 12, 6, '3493436540', 0, 3, '', 0, 2, 216, 12, '2017-01-31 16:23:14'),
(37157, 295, 30, 'open limp.', 'J8o', 'UTG', 10, 6, '3493436909', 0, 1, '', 0, 5, 216, 8, '2017-01-31 16:23:14'),
(37158, 1035, 30, 'open bet.', 'A9o', 'Dealer', 35, 6, '3493436909', 135, 5, '', 0, 3, 216, 10, '2017-01-31 16:23:14'),
(37159, 295, 30, 'open limp.call.', 'J8o', 'UTG', 10, 6, '3493436909', 0, 4, '', 0, 1, 216, 10, '2017-01-31 16:23:14'),
(37160, 1375, 30, 'open bet.', 'J9o', 'UTG+1', 46, 5, '3493437063', 60, 2, '', 0, 3, 216, 8, '2017-01-31 16:23:14'),
(37161, 240, 30, 'call.', '83o', 'Big Blind', 8, 5, '3493437063', 0, 1, '', 0, 1, 216, 8, '2017-01-31 16:23:14'),
(37162, 1450, 30, 'open bet.', 'A9o', 'UTG', 48, 5, '3493437216', 105, 4, '', 0, 4, 216, 6, '2017-01-31 16:23:14'),
(37163, 485, 50, 'open limp.', 'Q6s', 'UTG', 10, 5, '3493437316', 0, 1, '', 0, 4, 216, 3, '2017-01-31 16:23:14'),
(37164, 165, 50, 'shove.', 'A4o', 'UTG+1', 3, 5, '3493437430', 165, 3, '', 0, 3, 216, 3, '2017-01-31 16:23:14'),
(37165, 355, 50, 'shove.', '87o', 'UTG+1', 7, 5, '3493437511', 355, 7, '', 1, 3, 216, 7, '2017-01-31 16:23:14'),
(37166, 265, 50, 'open bet.', 'ATs', 'Small Blind', 5, 5, '3493437783', 150, 3, '', 0, 1, 216, 5, '2017-01-31 16:23:14'),
(37167, 165, 50, 'shove.', 'KTo', 'Small Blind', 3, 5, '3493437921', 160, 3, '', 1, 1, 216, 3, '2017-01-31 16:23:14'),
(37168, 1545, 50, 'call.', 'Q3o', 'Big Blind', 31, 5, '3493437921', 0, 2, '', 0, 1, 216, 3, '2017-01-31 16:23:14'),
(37169, 500, 20, 'open bet.', 'A7s', 'UTG+1', 25, 6, '3493437072', 40, 2, '', 0, 4, 217, 25, '2017-01-31 16:23:14'),
(37170, 500, 20, 'call.', 'Q8o', 'Dealer', 25, 6, '3493437072', 0, 2, '', 0, 3, 217, 25, '2017-01-31 16:23:14'),
(37171, 500, 20, 'call.', 'K9o', 'Small Blind', 25, 6, '3493437072', 0, 2, '', 0, 3, 217, 25, '2017-01-31 16:23:14'),
(37172, 480, 20, 'open bet.', 'QJo', 'Small Blind', 24, 6, '3493437393', 60, 3, '', 0, 1, 217, 24, '2017-01-31 16:23:14'),
(37173, 500, 20, 'call.', '55', 'Big Blind', 25, 6, '3493437393', 0, 2, '', 1, 1, 217, 24, '2017-01-31 16:23:14'),
(37174, 500, 20, 'open limp.', 'A7o', 'UTG', 25, 6, '3493437564', 0, 1, '', 0, 5, 217, 1, '2017-01-31 16:23:14'),
(37175, 460, 20, 'open limp.', '87o', 'UTG+2', 23, 6, '3493437564', 0, 1, '', 0, 4, 217, 1, '2017-01-31 16:23:14'),
(37176, 265, 20, 'open limp.', 'K3s', 'UTG+1', 13, 6, '3493437792', 0, 1, '', 0, 4, 217, 1, '2017-01-31 16:23:14'),
(37177, 540, 30, 'open bet.', 'AJs', 'UTG', 18, 6, '3493437953', 135, 5, '', 0, 5, 217, 0, '2017-01-31 16:23:14'),
(37178, 10, 30, 'call shove.', '33', 'UTG+2', 0, 6, '3493437953', 10, 0, 'UTG', 1, 4, 217, 0, '2017-01-31 16:23:14'),
(37179, 40, 30, 'shove.', 'KQo', 'UTG+1', 1, 6, '3493438056', 40, 1, '', 1, 4, 217, 1, '2017-01-31 16:23:14'),
(37180, 200, 30, 'shove.', 'KTs', 'Dealer', 7, 6, '3493438056', 200, 7, '', 0, 3, 217, 1, '2017-01-31 16:23:14'),
(37181, 160, 30, 'shove.', 'A7o', 'UTG+2', 5, 6, '3493438187', 160, 5, '', 0, 3, 217, 5, '2017-01-31 16:23:14'),
(37182, 960, 30, 'call.', 'KJo', 'Big Blind', 32, 6, '3493438187', 0, 4, '', 0, 1, 217, 5, '2017-01-31 16:23:14'),
(37183, 415, 30, 'open bet.', 'K5o', 'UTG+2', 14, 6, '3493438318', 60, 2, '', 0, 3, 217, 4, '2017-01-31 16:23:14'),
(37184, 510, 30, 'open bet.', 'A7o', 'Dealer', 17, 6, '3493438318', 142, 5, '', 0, 3, 217, 4, '2017-01-31 16:23:14'),
(37185, 355, 30, 'shove.', 'JTo', 'UTG+1', 12, 6, '3493438541', 355, 12, '', 0, 4, 217, 3, '2017-01-31 16:23:14'),
(37186, 500, 20, 'open bet.', 'TT', 'UTG+1', 25, 6, '3493437477', 45, 2, '', 0, 4, 218, 25, '2017-01-31 16:23:14'),
(37187, 500, 20, 'call.', 'K5o', 'UTG+2', 25, 6, '3493437477', 0, 2, '', 0, 4, 218, 25, '2017-01-31 16:23:14'),
(37188, 500, 20, 'call.', 'QJs', 'Big Blind', 25, 6, '3493437477', 0, 1, '', 0, 2, 218, 25, '2017-01-31 16:23:14'),
(37189, 455, 20, 'open limp.', '95s', 'UTG', 23, 5, '3493437662', 0, 1, '', 0, 4, 218, 23, '2017-01-31 16:23:14'),
(37190, 490, 20, 'shove.', 'AQo', 'UTG+1', 25, 5, '3493437662', 490, 25, '', 1, 4, 218, 23, '2017-01-31 16:23:14'),
(37191, 1045, 20, 'open limp.', 'J9s', 'Dealer', 52, 5, '3493437780', 0, 1, '', 0, 2, 218, 22, '2017-01-31 16:23:14'),
(37192, 480, 20, 'open limp.', 'T9s', 'Small Blind', 24, 5, '3493437780', 0, 1, '', 0, 2, 218, 22, '2017-01-31 16:23:14'),
(37193, 460, 30, 'open limp.', 'A9o', 'Dealer', 15, 5, '3493437993', 0, 1, '', 0, 2, 218, 15, '2017-01-31 16:23:14'),
(37194, 475, 30, 'open limp.', 'QJo', 'Small Blind', 16, 5, '3493437993', 0, 1, '', 0, 2, 218, 15, '2017-01-31 16:23:14'),
(37195, 430, 30, 'open bet.', '99', 'UTG+1', 14, 5, '3493438242', 120, 4, '', 0, 3, 218, 12, '2017-01-31 16:23:14'),
(37196, 690, 30, 'shove.', 'AKo', 'Small Blind', 23, 5, '3493438242', 639, 21, '', 1, 2, 218, 14, '2017-01-31 16:23:14'),
(37197, 430, 30, 'open bet.call shove.', '99', 'UTG+1', 14, 5, '3493438242', 310, 10, 'Small Blind', 0, 1, 218, 14, '2017-01-31 16:23:14'),
(37198, 470, 30, 'open limp.', 'T4s', 'Small Blind', 16, 4, '3493438433', 0, 1, '', 0, 1, 218, 16, '2017-01-31 16:23:14'),
(37199, 500, 30, 'open bet.', 'A3o', 'Dealer', 17, 4, '3493438586', 80, 3, '', 0, 2, 218, 12, '2017-01-31 16:23:14'),
(37200, 420, 30, 'open limp.', 'AQs', 'UTG', 14, 4, '3493438734', 0, 1, '', 0, 3, 218, 11, '2017-01-31 16:23:14'),
(37201, 325, 30, 'open limp.', 'ATs', 'Small Blind', 11, 4, '3493438734', 0, 1, '', 0, 2, 218, 11, '2017-01-31 16:23:14'),
(37202, 1120, 50, 'shove.', 'K8o', 'Small Blind', 22, 4, '3493438886', 943, 19, '', 1, 1, 218, 8, '2017-01-31 16:23:14'),
(37203, 385, 50, 'open limp.', 'Q8o', 'UTG', 8, 4, '3493438990', 0, 1, '', 0, 3, 218, 7, '2017-01-31 16:23:14'),
(37204, 340, 50, 'open limp.', 'J4s', 'Small Blind', 7, 4, '3493438990', 0, 1, '', 0, 2, 218, 7, '2017-01-31 16:23:14'),
(37205, 1195, 50, 'shove.', 'A2o', 'Dealer', 24, 2, '3493439196', 1195, 24, '', 1, 1, 218, 24, '2017-01-31 16:23:14'),
(37206, 1270, 50, 'shove.', 'QTo', 'Dealer', 25, 2, '3493439278', 1270, 25, '', 1, 1, 218, 25, '2017-01-31 16:23:14'),
(37207, 1345, 50, 'shove.', 'A9o', 'Dealer', 27, 2, '3493439354', 1345, 27, '', 1, 1, 218, 27, '2017-01-31 16:23:14'),
(37208, 1420, 50, 'shove.', 'AQo', 'Dealer', 28, 2, '3493439421', 1420, 28, '', 1, 1, 218, 28, '2017-01-31 16:23:14'),
(37209, 1530, 50, 'open limp.', '94s', 'Dealer', 31, 2, '3493439453', 0, 1, '', 0, 1, 218, 29, '2017-01-31 16:23:14'),
(37210, 1570, 50, 'open bet.', '99', 'Dealer', 31, 2, '3493439568', 100, 2, '', 1, 1, 218, 29, '2017-01-31 16:23:14'),
(37211, 1430, 50, 'call.', '63o', 'Big Blind', 29, 2, '3493439568', 0, 1, '', 0, 1, 218, 29, '2017-01-31 16:23:14');
INSERT INTO `preflop_actions` (`id`, `chips`, `big_blind`, `action`, `hand`, `position`, `bbs_remaining`, `total_players`, `hand_id`, `bet`, `effective_bet_bbs`, `last_raise_position`, `is_me`, `players_to_act`, `history_id`, `effective_stack_bbs`, `time_stamp`) VALUES
(37212, 1695, 100, 'open bet.', 'QQ', 'Dealer', 17, 2, '3493439636', 200, 2, '', 1, 1, 218, 13, '2017-01-31 16:23:14'),
(37213, 1305, 100, 'call.', '98o', 'Big Blind', 13, 2, '3493439636', 0, 1, '', 0, 1, 218, 13, '2017-01-31 16:23:14'),
(37214, 1105, 100, 'shove.', 'K5s', 'Dealer', 11, 2, '3493439714', 1105, 11, '', 0, 1, 218, 11, '2017-01-31 16:23:14'),
(37215, 1795, 100, 'open bet.', 'T9s', 'Dealer', 18, 2, '3493439756', 200, 2, '', 1, 1, 218, 12, '2017-01-31 16:23:14'),
(37216, 1205, 100, 'shove.', 'AJo', 'Big Blind', 12, 2, '3493439756', 1091, 11, '', 0, 1, 218, 12, '2017-01-31 16:23:14'),
(37217, 1405, 100, 'call.', 'AA', 'Dealer', 14, 2, '3493439806', 0, 1, '', 0, 1, 218, 14, '2017-01-31 16:23:14'),
(37218, 190, 100, 'shove.', 'A9o', 'Dealer', 2, 2, '3493439902', 190, 2, '', 1, 1, 218, 2, '2017-01-31 16:23:14'),
(37219, 2810, 100, 'call.', 'T4o', 'Big Blind', 28, 2, '3493439902', 0, 1, '', 0, 1, 218, 2, '2017-01-31 16:23:14'),
(37220, 2620, 100, 'open bet.', '42o', 'Dealer', 26, 2, '3493439949', 2058, 21, '', 0, 1, 218, 4, '2017-01-31 16:23:14'),
(37221, 2290, 100, 'open bet.', 'K9o', 'Dealer', 23, 2, '3493440051', 1664, 17, '', 0, 1, 218, 7, '2017-01-31 16:23:14'),
(37222, 500, 20, 'open bet.', 'K2s', 'UTG', 25, 6, '3493437944', 40, 2, '', 0, 5, 219, 25, '2017-01-31 16:23:14'),
(37223, 510, 20, 'open bet.', 'K6o', 'Small Blind', 26, 6, '3493438249', 40, 2, '', 0, 1, 219, 25, '2017-01-31 16:23:15'),
(37224, 500, 20, 'call.', 'ATs', 'Big Blind', 25, 6, '3493438249', 0, 1, '', 0, 1, 219, 25, '2017-01-31 16:23:15'),
(37225, 410, 20, 'open bet.', 'K4o', 'Dealer', 21, 6, '3493438396', 60, 3, '', 0, 2, 219, 21, '2017-01-31 16:23:15'),
(37226, 500, 20, 'call.', '77', 'Big Blind', 25, 6, '3493438396', 0, 2, '', 1, 1, 219, 21, '2017-01-31 16:23:15'),
(37227, 290, 20, 'open bet.', 'J4s', 'UTG+2', 15, 6, '3493438591', 60, 3, '', 0, 3, 219, 15, '2017-01-31 16:23:15'),
(37228, 590, 20, 'open limp.', 'A9o', 'UTG+2', 30, 6, '3493438652', 0, 1, '', 0, 3, 219, 24, '2017-01-31 16:23:15'),
(37229, 470, 30, 'open bet.', 'AQs', 'Dealer', 16, 6, '3493438853', 60, 2, '', 0, 2, 219, 16, '2017-01-31 16:23:15'),
(37230, 500, 30, 'call.', '65o', 'Big Blind', 17, 6, '3493438853', 0, 1, '', 0, 1, 219, 16, '2017-01-31 16:23:15'),
(37231, 410, 30, 'open bet.', 'AJs', 'UTG+1', 14, 6, '3493439092', 60, 2, '', 0, 4, 219, 9, '2017-01-31 16:23:15'),
(37232, 255, 30, 'shove.', 'TT', 'Dealer', 9, 6, '3493439092', 255, 9, '', 0, 3, 219, 9, '2017-01-31 16:23:15'),
(37233, 410, 30, 'open bet.call.', 'AJs', 'UTG+1', 14, 6, '3493439092', 0, 7, 'UTG+1', 0, 1, 219, 9, '2017-01-31 16:23:15'),
(37234, 625, 30, 'open bet.', 'AQo', 'Dealer', 21, 6, '3493439268', 60, 2, '', 0, 2, 219, 18, '2017-01-31 16:23:15'),
(37235, 540, 30, 'call.', 'QTs', 'Small Blind', 18, 6, '3493439268', 0, 2, '', 0, 2, 219, 18, '2017-01-31 16:23:15'),
(37236, 555, 30, 'shove.', 'KK', 'UTG+1', 19, 6, '3493439425', 555, 19, '', 0, 4, 219, 5, '2017-01-31 16:23:15'),
(37237, 865, 30, 'open bet.', 'A3o', 'UTG+1', 29, 6, '3493439484', 60, 2, '', 0, 4, 219, 4, '2017-01-31 16:23:15'),
(37238, 865, 30, 'open bet.call.', 'A3o', 'UTG+1', 29, 6, '3493439484', 0, 2, '', 0, 1, 219, 4, '2017-01-31 16:23:15'),
(37239, 575, 50, 'shove.', 'A9o', 'UTG+2', 12, 6, '3493439625', 575, 12, '', 1, 3, 219, 6, '2017-01-31 16:23:15'),
(37240, 280, 50, 'shove.', 'A2s', 'UTG+2', 6, 6, '3493439697', 280, 6, '', 0, 3, 219, 6, '2017-01-31 16:23:15'),
(37241, 740, 50, 'call.', 'QTs', 'Big Blind', 15, 6, '3493439697', 0, 5, '', 0, 1, 219, 6, '2017-01-31 16:23:15'),
(37242, 585, 50, 'shove.', 'AQo', 'UTG+1', 12, 6, '3493439800', 585, 12, '', 0, 4, 219, 7, '2017-01-31 16:23:15'),
(37243, 280, 50, 'open limp.', 'JTo', 'Small Blind', 6, 5, '3493439917', 0, 1, '', 0, 1, 219, 6, '2017-01-31 16:23:15'),
(37244, 600, 50, 'shove.', 'ATo', 'Small Blind', 12, 5, '3493440056', 507, 10, '', 1, 1, 219, 12, '2017-01-31 16:23:15'),
(37245, 330, 50, 'shove.', 'QJs', 'UTG+1', 7, 5, '3493440141', 330, 7, '', 0, 3, 219, 7, '2017-01-31 16:23:15'),
(37246, 305, 100, 'shove.', 'KTs', 'UTG+1', 3, 5, '3493440554', 305, 3, '', 0, 3, 219, 3, '2017-01-31 16:23:15'),
(37247, 450, 100, 'call.', 'A5o', 'Big Blind', 5, 5, '3493440554', 0, 2, '', 0, 1, 219, 3, '2017-01-31 16:23:15'),
(37248, 650, 100, 'open bet.', 'JJ', 'UTG', 7, 4, '3493440654', 200, 2, '', 1, 3, 219, 5, '2017-01-31 16:23:15'),
(37249, 1020, 100, 'shove.', 'KTs', 'UTG', 10, 4, '3493440735', 1020, 10, '', 0, 3, 219, 4, '2017-01-31 16:23:15'),
(37250, 105, 100, 'shove.', 'J7s', 'Dealer', 1, 4, '3493440996', 105, 1, '', 1, 2, 219, 1, '2017-01-31 16:23:15'),
(37251, 755, 100, 'call.', '92o', 'Big Blind', 8, 4, '3493440996', 0, 0, '', 0, 1, 219, 1, '2017-01-31 16:23:15'),
(37252, 500, 20, 'open bet.', '55', 'UTG', 25, 6, '3493440608', 60, 3, '', 0, 5, 220, 25, '2017-01-31 16:23:15'),
(37253, 500, 20, 'call.', 'Q9o', 'Big Blind', 25, 6, '3493440608', 0, 2, '', 0, 1, 220, 25, '2017-01-31 16:23:15'),
(37254, 500, 20, 'open bet.', 'TT', 'UTG+1', 25, 6, '3493440923', 40, 2, '', 0, 4, 220, 19, '2017-01-31 16:23:15'),
(37255, 375, 20, 'call.', 'Q8o', 'Big Blind', 19, 6, '3493440923', 0, 1, '', 0, 1, 220, 19, '2017-01-31 16:23:15'),
(37256, 500, 20, 'open limp.', 'A3s', 'UTG+1', 25, 6, '3493441102', 0, 1, '', 0, 4, 220, 17, '2017-01-31 16:23:15'),
(37257, 335, 20, 'open limp.', 'K2o', 'Small Blind', 17, 6, '3493441102', 0, 1, '', 0, 2, 220, 17, '2017-01-31 16:23:15'),
(37258, 625, 20, 'open limp.', 'Q7s', 'UTG+1', 31, 5, '3493441365', 0, 1, '', 0, 3, 220, 16, '2017-01-31 16:23:15'),
(37259, 315, 30, 'shove.', 'AJo', 'UTG+1', 11, 5, '3493441520', 315, 11, '', 0, 3, 220, 11, '2017-01-31 16:23:15'),
(37260, 1010, 30, 'open bet.', 'AA', 'UTG', 34, 5, '3493441744', 75, 3, '', 1, 4, 220, 12, '2017-01-31 16:23:15'),
(37261, 645, 30, 'call.', 'JTo', 'Small Blind', 22, 5, '3493441744', 0, 2, '', 0, 2, 220, 12, '2017-01-31 16:23:15'),
(37262, 490, 30, 'open bet.', 'AQs', 'UTG', 16, 4, '3493442139', 90, 3, '', 0, 3, 220, 12, '2017-01-31 16:23:15'),
(37263, 360, 30, 'shove.', 'A7o', 'UTG', 12, 4, '3493442235', 360, 12, '', 0, 3, 220, 12, '2017-01-31 16:23:15'),
(37264, 555, 50, 'open bet.', 'A5o', 'Dealer', 11, 4, '3493442441', 125, 3, '', 0, 2, 220, 7, '2017-01-31 16:23:15'),
(37265, 555, 50, 'open bet.call.', 'A5o', 'Dealer', 11, 4, '3493442441', 0, 5, '', 0, 1, 220, 7, '2017-01-31 16:23:15'),
(37266, 1590, 50, 'shove.', '83o', 'Small Blind', 32, 4, '3493442614', 1572, 31, '', 1, 1, 220, 9, '2017-01-31 16:23:15'),
(37267, 1640, 50, 'shove.', 'T6s', 'Dealer', 33, 4, '3493442701', 1640, 33, '', 1, 2, 220, 8, '2017-01-31 16:23:15'),
(37268, 1715, 50, 'open bet.', '75o', 'UTG', 34, 4, '3493442774', 100, 2, '', 1, 3, 220, 8, '2017-01-31 16:23:15'),
(37269, 380, 50, 'call.', 'Q3s', 'Big Blind', 8, 4, '3493442774', 0, 1, '', 0, 1, 220, 8, '2017-01-31 16:23:15'),
(37270, 505, 50, 'shove.', 'K6o', 'Dealer', 10, 4, '3493442885', 505, 10, '', 0, 2, 220, 6, '2017-01-31 16:23:15'),
(37271, 255, 50, 'shove.', '99', 'UTG', 5, 4, '3493443157', 255, 5, '', 0, 3, 220, 5, '2017-01-31 16:23:15'),
(37272, 580, 50, 'call.', 'AJo', 'Big Blind', 12, 4, '3493443157', 0, 4, '', 0, 1, 220, 5, '2017-01-31 16:23:15'),
(37273, 725, 100, 'open limp.', 'A8s', 'Dealer', 7, 3, '3493443277', 0, 1, '', 0, 2, 220, 7, '2017-01-31 16:23:15'),
(37274, 1565, 100, 'open bet.', 'K5o', 'Small Blind', 16, 3, '3493443435', 1159, 12, '', 1, 1, 220, 6, '2017-01-31 16:23:15'),
(37275, 940, 100, 'call.', '99', 'Big Blind', 9, 3, '3493443648', 0, 8, '', 1, 1, 220, 9, '2017-01-31 16:23:15'),
(37276, 1800, 100, 'open bet.', '86o', 'Dealer', 18, 2, '3493443737', 200, 2, '', 1, 1, 220, 12, '2017-01-31 16:23:15'),
(37277, 1200, 100, 'call.', 'A3o', 'Big Blind', 12, 2, '3493443737', 0, 1, '', 0, 1, 220, 12, '2017-01-31 16:23:15'),
(37278, 2050, 100, 'shove.', 'AKo', 'Dealer', 21, 2, '3493443935', 2050, 21, '', 1, 1, 220, 10, '2017-01-31 16:23:15'),
(37279, 850, 100, 'call.', 'T8o', 'Dealer', 9, 2, '3493444125', 0, 1, '', 0, 1, 220, 9, '2017-01-31 16:23:15'),
(37280, 850, 100, 'call.call shove.', 'T8o', 'Dealer', 9, 2, '3493444125', 750, 8, '', 0, 1, 220, 9, '2017-01-31 16:23:15'),
(37281, 500, 20, 'open bet.', 'Q5s', 'Small Blind', 25, 6, '3493769725', 40, 2, '', 0, 2, 221, 25, '2017-01-31 16:23:15'),
(37282, 520, 20, 'open limp.', '95s', 'Dealer', 26, 6, '3493770077', 0, 1, '', 0, 2, 221, 24, '2017-01-31 16:23:15'),
(37283, 500, 20, 'open limp.', 'KJo', 'UTG+1', 25, 6, '3493770403', 0, 1, '', 0, 4, 221, 24, '2017-01-31 16:23:15'),
(37284, 500, 20, 'open bet.', '75s', 'UTG+1', 25, 6, '3493770615', 40, 2, '', 0, 4, 221, 24, '2017-01-31 16:23:15'),
(37285, 470, 20, 'call.', 'QJo', 'Dealer', 24, 6, '3493770615', 0, 2, '', 0, 3, 221, 24, '2017-01-31 16:23:15'),
(37286, 530, 20, 'call.', 'A8s', 'Small Blind', 27, 6, '3493770615', 0, 2, '', 0, 3, 221, 24, '2017-01-31 16:23:15'),
(37287, 950, 30, 'open limp.', 'T9s', 'Dealer', 32, 6, '3493771099', 0, 1, '', 0, 2, 221, 16, '2017-01-31 16:23:15'),
(37288, 430, 30, 'open limp.', '33', 'UTG+1', 14, 6, '3493771353', 0, 1, '', 0, 4, 221, 5, '2017-01-31 16:23:15'),
(37289, 400, 30, 'open bet.', 'A4s', 'UTG', 13, 6, '3493771592', 60, 2, '', 0, 5, 221, 6, '2017-01-31 16:23:15'),
(37290, 995, 30, 'call.', '77', 'UTG+1', 33, 6, '3493771592', 0, 2, '', 0, 5, 221, 6, '2017-01-31 16:23:15'),
(37291, 435, 30, 'call.', 'A6o', 'Dealer', 15, 6, '3493771592', 0, 2, '', 0, 4, 221, 6, '2017-01-31 16:23:15'),
(37292, 185, 30, 'call.', 'QJo', 'Small Blind', 6, 6, '3493771592', 0, 2, '', 0, 4, 221, 6, '2017-01-31 16:23:15'),
(37293, 520, 30, 'call.', '33', 'Big Blind', 17, 6, '3493771592', 0, 1, '', 0, 4, 221, 6, '2017-01-31 16:23:15'),
(37294, 465, 30, 'shove.', 'A3o', 'UTG+1', 16, 5, '3493772036', 402, 13, '', 1, 3, 221, 4, '2017-01-31 16:23:15'),
(37295, 125, 30, 'call shove.', 'A5o', 'Dealer', 4, 5, '3493772036', 125, 4, 'UTG+1', 0, 3, 221, 4, '2017-01-31 16:23:15'),
(37296, 635, 50, 'open bet.', 'QTs', 'UTG', 13, 4, '3493772237', 100, 2, '', 1, 3, 221, 6, '2017-01-31 16:23:15'),
(37297, 1610, 50, 'call.', 'A4o', 'Big Blind', 32, 4, '3493772237', 0, 1, '', 0, 1, 221, 13, '2017-01-31 16:23:15'),
(37298, 1790, 50, 'open bet.', 'A5s', 'Small Blind', 36, 4, '3493772498', 100, 2, '', 0, 1, 221, 10, '2017-01-31 16:23:15'),
(37299, 480, 50, 'call.', 'KQs', 'Big Blind', 10, 4, '3493772498', 0, 1, '', 1, 1, 221, 10, '2017-01-31 16:23:15'),
(37300, 500, 20, 'open bet.', 'A5o', 'UTG', 25, 6, '3493771328', 60, 3, '', 0, 5, 222, 25, '2017-01-31 16:23:15'),
(37301, 500, 20, 'call.', 'QQ', 'UTG+2', 25, 6, '3493771328', 0, 3, '', 0, 4, 222, 25, '2017-01-31 16:23:15'),
(37302, 500, 20, 'call.', '76s', 'Small Blind', 25, 6, '3493771328', 0, 3, '', 0, 3, 222, 25, '2017-01-31 16:23:15'),
(37303, 140, 20, 'open limp.', 'K4o', 'UTG+1', 7, 6, '3493771746', 0, 1, '', 0, 4, 222, 7, '2017-01-31 16:23:15'),
(37304, 500, 20, 'open limp.', '97o', 'UTG+2', 25, 6, '3493771746', 0, 1, '', 0, 4, 222, 7, '2017-01-31 16:23:15'),
(37305, 440, 20, 'open bet.', 'AQs', 'Dealer', 22, 6, '3493771746', 51, 3, '', 0, 4, 222, 7, '2017-01-31 16:23:15'),
(37306, 140, 20, 'open limp.call.', 'K4o', 'UTG+1', 7, 6, '3493771746', 0, 2, '', 0, 2, 222, 7, '2017-01-31 16:23:15'),
(37307, 500, 20, 'open limp.call.', '97o', 'UTG+2', 25, 6, '3493771746', 0, 2, '', 0, 2, 222, 7, '2017-01-31 16:23:15'),
(37308, 449, 20, 'open bet.', 'AA', 'UTG+1', 22, 6, '3493772027', 110, 6, '', 0, 4, 222, 16, '2017-01-31 16:23:15'),
(37309, 329, 20, 'open bet.', 'A7o', 'UTG+1', 16, 6, '3493772223', 53, 3, '', 0, 4, 222, 16, '2017-01-31 16:23:15'),
(37310, 332, 20, 'call.', '94o', 'Big Blind', 17, 6, '3493772223', 0, 2, '', 0, 1, 222, 16, '2017-01-31 16:23:15'),
(37311, 392, 30, 'open bet.', 'A9o', 'UTG', 13, 6, '3493772473', 77, 3, '', 0, 5, 222, 9, '2017-01-31 16:23:15'),
(37312, 470, 30, 'open limp.', 'JTs', 'UTG', 16, 6, '3493772657', 0, 1, '', 0, 5, 222, 9, '2017-01-31 16:23:15'),
(37313, 264, 30, 'open limp.', 'Q8o', 'Dealer', 9, 6, '3493772657', 0, 1, '', 0, 3, 222, 9, '2017-01-31 16:23:15'),
(37314, 449, 30, 'open limp.', '87o', 'Small Blind', 15, 6, '3493772657', 0, 1, '', 0, 3, 222, 9, '2017-01-31 16:23:15'),
(37315, 910, 30, 'open bet.', 'Q4s', 'UTG', 30, 6, '3493772937', 90, 3, '', 0, 5, 222, 6, '2017-01-31 16:23:15'),
(37316, 407, 30, 'call.', 'KTo', 'Small Blind', 14, 6, '3493772937', 0, 3, '', 0, 2, 222, 14, '2017-01-31 16:23:15'),
(37317, 419, 30, 'open limp.', 'AJo', 'UTG+2', 14, 6, '3493773138', 0, 1, '', 0, 3, 222, 11, '2017-01-31 16:23:15'),
(37318, 590, 30, 'open limp.', '84o', 'Small Blind', 20, 6, '3493773138', 0, 1, '', 0, 2, 222, 14, '2017-01-31 16:23:15'),
(37319, 317, 50, 'open bet.', 'A7o', 'UTG+2', 6, 6, '3493773539', 150, 3, '', 0, 3, 222, 6, '2017-01-31 16:23:15'),
(37320, 1180, 50, 'call.', '65s', 'Small Blind', 24, 6, '3493773539', 0, 3, '', 0, 2, 222, 6, '2017-01-31 16:23:15'),
(37321, 344, 50, 'open limp.', 'A2s', 'UTG', 7, 5, '3493773713', 0, 1, '', 0, 4, 222, 3, '2017-01-31 16:23:15'),
(37322, 1547, 50, 'open limp.', 'Q9s', 'Dealer', 31, 5, '3493773713', 0, 1, '', 0, 3, 222, 3, '2017-01-31 16:23:15'),
(37323, 395, 50, 'shove.', 'J8s', 'Dealer', 8, 5, '3493773922', 372, 7, '', 1, 2, 222, 6, '2017-01-31 16:23:15'),
(37324, 1373, 50, 'open bet.', 'AQs', 'UTG', 27, 5, '3493774011', 200, 4, '', 0, 4, 222, 5, '2017-01-31 16:23:15'),
(37325, 470, 50, 'shove.', 'QTo', 'UTG', 9, 5, '3493774108', 470, 9, '', 1, 4, 222, 4, '2017-01-31 16:23:15'),
(37326, 398, 50, 'open limp.', 'A7o', 'UTG', 8, 5, '3493774263', 0, 1, '', 0, 4, 222, 4, '2017-01-31 16:23:15'),
(37327, 219, 50, 'open limp.', '65o', 'UTG+1', 4, 5, '3493774263', 0, 1, '', 0, 4, 222, 4, '2017-01-31 16:23:15'),
(37328, 1373, 100, 'open bet.', 'A2o', 'UTG+1', 14, 4, '3493774670', 400, 4, '', 0, 2, 222, 5, '2017-01-31 16:23:15'),
(37329, 693, 100, 'shove.', 'A3s', 'UTG', 7, 4, '3493774882', 693, 7, '', 1, 3, 222, 3, '2017-01-31 16:23:15'),
(37330, 1373, 100, 'open bet.', 'AQo', 'Small Blind', 14, 3, '3493775060', 400, 4, '', 0, 1, 222, 11, '2017-01-31 16:23:15'),
(37331, 1033, 100, 'shove.', '86o', 'Small Blind', 10, 3, '3493775117', 919, 9, '', 1, 1, 222, 5, '2017-01-31 16:23:15'),
(37332, 1527, 100, 'open bet.', 'K5o', 'Dealer', 15, 2, '3493775218', 200, 2, '', 1, 1, 222, 15, '2017-01-31 16:23:15'),
(37333, 1473, 100, 'call.', '86s', 'Big Blind', 15, 2, '3493775218', 0, 1, '', 0, 1, 222, 15, '2017-01-31 16:23:15'),
(37334, 1277, 100, 'open bet.', '83o', 'Dealer', 13, 2, '3493775422', 200, 2, '', 1, 1, 222, 13, '2017-01-31 16:23:15'),
(37335, 1723, 100, 'call.', '82s', 'Big Blind', 17, 2, '3493775422', 0, 1, '', 0, 1, 222, 13, '2017-01-31 16:23:15'),
(37336, 927, 100, 'shove.', 'Q7s', 'Dealer', 9, 2, '3493775625', 794, 8, '', 1, 1, 222, 9, '2017-01-31 16:23:15'),
(37337, 2073, 100, 'call.', '97s', 'Big Blind', 21, 2, '3493775625', 0, 7, '', 0, 1, 222, 9, '2017-01-31 16:23:15'),
(37338, 1146, 150, 'shove.', 'A9o', 'Dealer', 8, 2, '3493775817', 1146, 8, '', 0, 1, 222, 8, '2017-01-31 16:23:15'),
(37339, 1704, 150, 'shove.', 'J8o', 'Dealer', 11, 2, '3493776031', 1704, 11, '', 1, 1, 222, 9, '2017-01-31 16:23:15'),
(37340, 1146, 150, 'shove.', 'A6s', 'Dealer', 8, 2, '3493776084', 1146, 8, '', 0, 1, 222, 8, '2017-01-31 16:23:15'),
(37341, 1704, 150, 'open bet.', '84o', 'Dealer', 11, 2, '3493776515', 300, 2, '', 1, 1, 222, 9, '2017-01-31 16:23:15'),
(37342, 1596, 150, 'call.', 'J9o', 'Dealer', 11, 2, '3493776584', 0, 1, '', 0, 1, 222, 9, '2017-01-31 16:23:15'),
(37343, 500, 20, 'open limp.', 'KJo', 'UTG', 25, 6, '3493772592', 0, 1, '', 0, 5, 223, 25, '2017-01-31 16:23:15'),
(37344, 500, 20, 'open limp.', 'QQ', 'UTG+2', 25, 6, '3493772592', 0, 1, '', 0, 4, 223, 25, '2017-01-31 16:23:15'),
(37345, 510, 20, 'open limp.', 'K8o', 'Small Blind', 26, 6, '3493772592', 0, 1, '', 0, 4, 223, 25, '2017-01-31 16:23:15'),
(37346, 490, 20, 'shove.', 'Q2o', 'UTG+2', 25, 6, '3493773150', 490, 25, '', 0, 3, 223, 18, '2017-01-31 16:23:15'),
(37347, 460, 20, 'open limp.', 'AKs', 'UTG', 23, 5, '3493773369', 0, 1, '', 0, 4, 223, 18, '2017-01-31 16:23:15'),
(37348, 910, 20, 'open limp.', 'K8o', 'UTG+1', 46, 5, '3493773369', 0, 1, '', 0, 4, 223, 18, '2017-01-31 16:23:15'),
(37349, 780, 20, 'open limp.', 'K9o', 'Small Blind', 39, 5, '3493773369', 0, 1, '', 0, 3, 223, 23, '2017-01-31 16:23:15'),
(37350, 890, 30, 'open bet.', 'Q9o', 'UTG', 30, 5, '3493773788', 150, 5, '', 0, 4, 223, 12, '2017-01-31 16:23:15'),
(37351, 350, 30, 'open bet.', '77', 'UTG', 12, 5, '3493773932', 105, 4, '', 0, 4, 223, 12, '2017-01-31 16:23:15'),
(37352, 935, 30, 'call.', 'QTo', 'Big Blind', 31, 5, '3493773932', 0, 3, '', 0, 1, 223, 12, '2017-01-31 16:23:15'),
(37353, 1300, 30, 'open limp.', '94s', 'Small Blind', 43, 4, '3493774176', 0, 1, '', 0, 1, 223, 31, '2017-01-31 16:23:15'),
(37354, 1330, 30, 'open limp.', 'K3o', 'Dealer', 44, 4, '3493774372', 0, 1, '', 0, 2, 223, 14, '2017-01-31 16:23:15'),
(37355, 1450, 30, 'open bet.', 'Q8o', 'UTG', 48, 4, '3493774621', 90, 3, '', 0, 3, 223, 11, '2017-01-31 16:23:15'),
(37356, 875, 30, 'call.', '75s', 'Dealer', 29, 4, '3493774621', 0, 3, '', 0, 3, 223, 11, '2017-01-31 16:23:15'),
(37357, 325, 50, 'open bet.', 'AA', 'Small Blind', 7, 4, '3493774831', 100, 2, '', 0, 1, 223, 7, '2017-01-31 16:23:15'),
(37358, 1585, 50, 'call.', 'T3s', 'Big Blind', 32, 4, '3493774831', 0, 1, '', 0, 1, 223, 7, '2017-01-31 16:23:15'),
(37359, 1435, 50, 'open bet.', 'A3o', 'Small Blind', 29, 4, '3493775052', 100, 2, '', 0, 1, 223, 16, '2017-01-31 16:23:15'),
(37360, 785, 50, 'call.', 'QJo', 'Big Blind', 16, 4, '3493775052', 0, 1, '', 0, 1, 223, 16, '2017-01-31 16:23:15'),
(37361, 2220, 50, 'open bet.', '43s', 'Dealer', 44, 3, '3493775315', 100, 2, '', 0, 1, 223, 6, '2017-01-31 16:23:15'),
(37362, 2270, 50, 'open bet.', '95s', 'UTG', 45, 3, '3493775413', 100, 2, '', 0, 2, 223, 5, '2017-01-31 16:23:15'),
(37363, 475, 50, 'call.', 'KK', 'Big Blind', 10, 3, '3493775413', 0, 1, '', 0, 1, 223, 10, '2017-01-31 16:23:15'),
(37364, 230, 50, 'open limp.', 'K8o', 'Dealer', 5, 3, '3493775561', 0, 1, '', 1, 2, 223, 5, '2017-01-31 16:23:15'),
(37365, 600, 50, 'open limp.', 'K5s', 'Small Blind', 12, 3, '3493775561', 0, 1, '', 0, 2, 223, 5, '2017-01-31 16:23:15'),
(37366, 2170, 50, 'open bet.', '64s', 'Big Blind', 43, 3, '3493775561', 300, 6, '', 0, 2, 223, 5, '2017-01-31 16:23:15'),
(37367, 2270, 50, 'open limp.', 'KK', 'Small Blind', 45, 3, '3493775703', 0, 1, '', 0, 1, 223, 4, '2017-01-31 16:23:15'),
(37368, 2090, 100, 'open bet.', 'K7o', 'Dealer', 21, 3, '3493776007', 666, 7, '', 0, 2, 223, 4, '2017-01-31 16:23:15'),
(37369, 310, 100, 'shove.', 'A7o', 'Dealer', 3, 3, '3493776097', 310, 3, '', 1, 2, 223, 3, '2017-01-31 16:23:15'),
(37370, 2240, 100, 'call.', 'K5o', 'Big Blind', 22, 3, '3493776097', 0, 2, '', 0, 1, 223, 3, '2017-01-31 16:23:15'),
(37371, 500, 20, 'open limp.', 'Q8o', 'UTG+2', 25, 6, '3493774197', 0, 1, '', 0, 3, 224, 25, '2017-01-31 16:23:15'),
(37372, 500, 20, 'open limp.', '74s', 'Dealer', 25, 6, '3493774197', 0, 1, '', 0, 3, 224, 25, '2017-01-31 16:23:15'),
(37373, 500, 20, 'open bet.', '44', 'Big Blind', 25, 6, '3493774197', 60, 3, '', 0, 2, 224, 25, '2017-01-31 16:23:16'),
(37374, 500, 20, 'open limp.call.', 'Q8o', 'UTG+2', 25, 6, '3493774197', 0, 2, '', 0, 2, 224, 25, '2017-01-31 16:23:16'),
(37375, 500, 20, 'open limp.call.', '74s', 'Dealer', 25, 6, '3493774197', 0, 2, '', 0, 2, 224, 25, '2017-01-31 16:23:16'),
(37376, 440, 20, 'open limp.', 'Q7o', 'UTG+1', 22, 6, '3493774606', 0, 1, '', 0, 4, 224, 22, '2017-01-31 16:23:16'),
(37377, 490, 20, 'open bet.', 'KK', 'Dealer', 25, 6, '3493774606', 80, 4, '', 1, 3, 224, 22, '2017-01-31 16:23:16'),
(37378, 500, 20, 'call.', 'TT', 'Big Blind', 25, 6, '3493774606', 0, 3, '', 0, 2, 224, 22, '2017-01-31 16:23:16'),
(37379, 440, 20, 'open limp.call.', 'Q7o', 'UTG+1', 22, 6, '3493774606', 0, 3, '', 0, 2, 224, 22, '2017-01-31 16:23:16'),
(37380, 440, 20, 'open limp.', 'K2o', 'UTG', 22, 5, '3493775093', 0, 1, '', 0, 4, 224, 18, '2017-01-31 16:23:16'),
(37381, 620, 20, 'open limp.', 'Q9o', 'Dealer', 31, 5, '3493775093', 0, 1, '', 0, 3, 224, 18, '2017-01-31 16:23:16'),
(37382, 360, 20, 'open limp.', 'A5o', 'Small Blind', 18, 5, '3493775093', 0, 1, '', 0, 3, 224, 18, '2017-01-31 16:23:16'),
(37383, 1080, 30, 'open bet.', 'K9s', 'UTG', 36, 5, '3493775494', 60, 2, '', 1, 4, 224, 14, '2017-01-31 16:23:16'),
(37384, 480, 30, 'call.', 'QTo', 'UTG+1', 16, 5, '3493775494', 0, 2, '', 0, 4, 224, 14, '2017-01-31 16:23:16'),
(37385, 540, 30, 'call.', 'ATo', 'Dealer', 18, 5, '3493775494', 0, 2, '', 0, 4, 224, 14, '2017-01-31 16:23:16'),
(37386, 390, 30, 'open limp.', 'T9o', 'Small Blind', 13, 5, '3493775796', 0, 1, '', 0, 1, 224, 13, '2017-01-31 16:23:16'),
(37387, 360, 30, 'open limp.', 'QTo', 'Dealer', 12, 5, '3493775993', 0, 1, '', 0, 2, 224, 11, '2017-01-31 16:23:16'),
(37388, 375, 30, 'open limp.', '97o', 'Small Blind', 13, 5, '3493776242', 0, 1, '', 0, 1, 224, 13, '2017-01-31 16:23:16'),
(37389, 765, 50, 'open limp.', '86s', 'Small Blind', 15, 5, '3493776460', 0, 1, '', 0, 1, 224, 9, '2017-01-31 16:23:16'),
(37390, 845, 50, 'shove.', '88', 'Dealer', 17, 4, '3493776774', 845, 17, '', 0, 1, 224, 17, '2017-01-31 16:23:16'),
(37391, 895, 50, 'shove.', 'AQo', 'UTG+1', 18, 4, '3493776950', 895, 18, '', 0, 2, 224, 8, '2017-01-31 16:23:16'),
(37392, 1930, 50, 'shove.', 'A7o', 'Dealer', 39, 3, '3493777071', 1930, 39, '', 1, 2, 224, 7, '2017-01-31 16:23:16'),
(37393, 2030, 50, 'open bet.', 'Q4o', 'Small Blind', 41, 3, '3493777193', 1368, 27, '', 1, 1, 224, 7, '2017-01-31 16:23:16'),
(37394, 2080, 50, 'shove.', 'A2o', 'Dealer', 42, 3, '3493777299', 2080, 42, '', 1, 2, 224, 6, '2017-01-31 16:23:16'),
(37395, 565, 100, 'shove.', 'A9o', 'Dealer', 6, 3, '3493777416', 565, 6, '', 0, 2, 224, 6, '2017-01-31 16:23:16'),
(37396, 1775, 100, 'open bet.', 'T8o', 'Dealer', 18, 3, '3493777497', 200, 2, '', 1, 2, 224, 5, '2017-01-31 16:23:16'),
(37397, 1975, 100, 'open bet.', 'QTo', 'Small Blind', 20, 3, '3493777590', 764, 8, '', 1, 1, 224, 5, '2017-01-31 16:23:16'),
(37398, 2435, 100, 'open bet.', 'A8o', 'Dealer', 24, 2, '3493777694', 1351, 14, '', 1, 1, 224, 6, '2017-01-31 16:23:16'),
(37399, 2585, 100, 'open bet.', 'T8o', 'Dealer', 26, 2, '3493777799', 200, 2, '', 1, 1, 224, 4, '2017-01-31 16:23:16'),
(37400, 2735, 100, 'shove.', 'J9s', 'Dealer', 27, 2, '3493777885', 2360, 24, '', 1, 1, 224, 3, '2017-01-31 16:23:16'),
(37401, 2520, 100, 'open bet.', 'A2o', 'Dealer', 25, 2, '3493778027', 1676, 17, '', 1, 1, 224, 5, '2017-01-31 16:23:16'),
(37402, 2670, 100, 'call.', '32s', 'Dealer', 27, 2, '3493778116', 0, 1, '', 1, 1, 224, 3, '2017-01-31 16:23:16'),
(37403, 2670, 100, 'call.call.', '32s', 'Dealer', 27, 2, '3493778116', 0, 2, '', 1, 1, 224, 3, '2017-01-31 16:23:16'),
(37404, 660, 100, 'call.', '22', 'Dealer', 7, 2, '3493778211', 0, 1, '', 0, 1, 224, 7, '2017-01-31 16:23:16'),
(37405, 1680, 150, 'shove.', 'A5o', 'Dealer', 11, 2, '3493778370', 1680, 11, '', 1, 1, 224, 9, '2017-01-31 16:23:16'),
(37406, 1905, 150, 'shove.', 'K9o', 'Dealer', 13, 2, '3493778484', 1693, 11, '', 1, 1, 224, 7, '2017-01-31 16:23:16'),
(37407, 2130, 150, 'open bet.', 'T9o', 'Dealer', 14, 2, '3493778595', 300, 2, '', 1, 1, 224, 6, '2017-01-31 16:23:16'),
(37408, 720, 150, 'shove.', '85o', 'Dealer', 5, 2, '3493778661', 720, 5, '', 0, 1, 224, 5, '2017-01-31 16:23:16'),
(37409, 2130, 150, 'open bet.', 'J2o', 'Dealer', 14, 2, '3493778731', 300, 2, '', 1, 1, 224, 6, '2017-01-31 16:23:16'),
(37410, 720, 150, 'shove.', 'Q4o', 'Dealer', 5, 2, '3493778817', 720, 5, '', 0, 1, 224, 5, '2017-01-31 16:23:16'),
(37411, 2280, 150, 'call.', 'T9s', 'Big Blind', 15, 2, '3493778817', 0, 4, '', 1, 1, 224, 5, '2017-01-31 16:23:16'),
(37412, 500, 20, 'open limp.', 'QJo', 'UTG', 25, 6, '3493774985', 0, 1, '', 0, 5, 225, 25, '2017-01-31 16:23:16'),
(37413, 500, 20, 'open bet.', 'AA', 'UTG+1', 25, 6, '3493774985', 40, 2, '', 0, 5, 225, 25, '2017-01-31 16:23:16'),
(37414, 500, 20, 'call.', 'KQo', 'UTG+2', 25, 6, '3493774985', 0, 2, '', 0, 5, 225, 25, '2017-01-31 16:23:16'),
(37415, 500, 20, 'call.', '99', 'Dealer', 25, 6, '3493774985', 0, 2, '', 0, 5, 225, 25, '2017-01-31 16:23:16'),
(37416, 500, 20, 'call.', 'J3s', 'Big Blind', 25, 6, '3493774985', 0, 1, '', 0, 4, 225, 25, '2017-01-31 16:23:16'),
(37417, 500, 20, 'open limp.call.', 'QJo', 'UTG', 25, 6, '3493774985', 0, 1, '', 0, 4, 225, 25, '2017-01-31 16:23:16'),
(37418, 1130, 20, 'open bet.', 'A5o', 'UTG', 57, 5, '3493775525', 40, 2, '', 0, 4, 225, 23, '2017-01-31 16:23:16'),
(37419, 460, 20, 'call.', 'A6o', 'Big Blind', 23, 5, '3493775525', 0, 1, '', 0, 1, 225, 23, '2017-01-31 16:23:16'),
(37420, 450, 20, 'open limp.', 'KJo', 'Dealer', 23, 5, '3493775925', 0, 1, '', 0, 2, 225, 15, '2017-01-31 16:23:16'),
(37421, 1294, 20, 'call.', '44', 'Big Blind', 65, 5, '3493775925', 0, 14, '', 0, 2, 225, 15, '2017-01-31 16:23:16'),
(37422, 632, 30, 'shove.', '55', 'Dealer', 21, 5, '3493776093', 632, 21, '', 0, 2, 225, 15, '2017-01-31 16:23:16'),
(37423, 430, 30, 'open limp.', '55', 'UTG', 14, 5, '3493776176', 0, 1, '', 0, 4, 225, 14, '2017-01-31 16:23:16'),
(37424, 430, 30, 'open limp.', 'Q9o', 'Small Blind', 14, 5, '3493776176', 0, 1, '', 0, 2, 225, 14, '2017-01-31 16:23:16'),
(37425, 973, 30, 'open bet.', 'KK', 'UTG', 32, 4, '3493776590', 105, 4, '', 0, 3, 225, 12, '2017-01-31 16:23:16'),
(37426, 677, 30, 'call.', 'K9o', 'Big Blind', 23, 4, '3493776590', 0, 3, '', 0, 1, 225, 23, '2017-01-31 16:23:16'),
(37427, 1025, 50, 'shove.', 'ATo', 'Dealer', 21, 4, '3493777105', 1025, 21, '', 1, 2, 225, 7, '2017-01-31 16:23:16'),
(37428, 1048, 50, 'open bet.', 'K9o', 'UTG', 21, 4, '3493777476', 100, 2, '', 0, 3, 225, 3, '2017-01-31 16:23:16'),
(37429, 148, 50, 'shove.', 'Q8s', 'Dealer', 3, 4, '3493777476', 148, 3, '', 1, 3, 225, 3, '2017-01-31 16:23:16'),
(37430, 1048, 50, 'open bet.call.', 'K9o', 'UTG', 21, 4, '3493777476', 0, 1, 'UTG', 0, 1, 225, 3, '2017-01-31 16:23:16'),
(37431, 500, 20, 'open limp.', '95s', 'UTG+2', 25, 6, '3493776357', 0, 1, '', 0, 3, 226, 25, '2017-01-31 16:23:16'),
(37432, 490, 20, 'open bet.', 'KJo', 'Dealer', 25, 6, '3493776793', 40, 2, '', 1, 2, 226, 23, '2017-01-31 16:23:16'),
(37433, 460, 20, 'call.', 'Q8o', 'Small Blind', 23, 6, '3493776793', 0, 2, '', 0, 2, 226, 23, '2017-01-31 16:23:16'),
(37434, 500, 20, 'open limp.', 'KQo', 'UTG+1', 25, 6, '3493777055', 0, 1, '', 0, 4, 226, 21, '2017-01-31 16:23:16'),
(37435, 480, 20, 'open limp.', '62o', 'Small Blind', 24, 6, '3493777055', 0, 1, '', 0, 2, 226, 24, '2017-01-31 16:23:16'),
(37436, 420, 30, 'open limp.', '22', 'Small Blind', 14, 6, '3493777383', 0, 1, '', 0, 1, 226, 14, '2017-01-31 16:23:16'),
(37437, 755, 30, 'open limp.', 'A4o', 'Small Blind', 25, 6, '3493777525', 0, 1, '', 0, 1, 226, 20, '2017-01-31 16:23:16'),
(37438, 665, 30, 'open limp.', 'KQs', 'Dealer', 22, 6, '3493777787', 0, 1, '', 0, 2, 226, 18, '2017-01-31 16:23:16'),
(37439, 690, 30, 'open limp.', 'K8o', 'Small Blind', 23, 6, '3493777787', 0, 1, '', 0, 2, 226, 18, '2017-01-31 16:23:16'),
(37440, 520, 30, 'open limp.', 'Q9o', 'Small Blind', 17, 6, '3493778001', 0, 1, '', 1, 1, 226, 14, '2017-01-31 16:23:16'),
(37441, 550, 30, 'open bet.', 'AQo', 'Dealer', 18, 6, '3493778184', 60, 2, '', 1, 2, 226, 13, '2017-01-31 16:23:16'),
(37442, 460, 30, 'call.', '77', 'Big Blind', 15, 6, '3493778184', 0, 1, '', 0, 1, 226, 15, '2017-01-31 16:23:16'),
(37443, 660, 50, 'open limp.', 'QJo', 'UTG+1', 13, 5, '3493778415', 0, 1, '', 0, 3, 226, 4, '2017-01-31 16:23:16'),
(37444, 375, 50, 'open limp.', 'A6o', 'Dealer', 8, 5, '3493778415', 0, 1, '', 0, 2, 226, 4, '2017-01-31 16:23:16'),
(37445, 165, 50, 'open limp.', '65s', 'Small Blind', 3, 5, '3493778585', 0, 1, '', 0, 1, 226, 3, '2017-01-31 16:23:16'),
(37446, 675, 50, 'open limp.', 'A7o', 'Small Blind', 14, 5, '3493778734', 0, 1, '', 0, 1, 226, 14, '2017-01-31 16:23:16'),
(37447, 975, 50, 'open limp.', 'A8o', 'Dealer', 20, 5, '3493779130', 0, 1, '', 0, 2, 226, 9, '2017-01-31 16:23:16'),
(37448, 460, 50, 'open limp.', 'J7o', 'Small Blind', 9, 5, '3493779130', 0, 1, '', 0, 2, 226, 9, '2017-01-31 16:23:16'),
(37449, 1075, 100, 'open limp.', 'AJo', 'UTG+1', 11, 5, '3493779338', 0, 1, '', 0, 3, 226, 3, '2017-01-31 16:23:16'),
(37450, 975, 100, 'call.', 'Q6s', 'Small Blind', 10, 5, '3493779338', 0, 1, '', 1, 2, 226, 3, '2017-01-31 16:23:16'),
(37451, 1075, 100, 'open limp.call.', 'AJo', 'UTG+1', 11, 5, '3493779338', 0, 2, '', 0, 2, 226, 3, '2017-01-31 16:23:16'),
(37452, 410, 100, 'shove.', 'A2o', 'UTG+1', 4, 4, '3493779574', 410, 4, '', 0, 2, 226, 2, '2017-01-31 16:23:16'),
(37453, 875, 100, 'open bet.', 'AQs', 'UTG+1', 9, 4, '3493779712', 200, 2, '', 1, 2, 226, 4, '2017-01-31 16:23:16'),
(37454, 1400, 100, 'call.', 'KJo', 'Small Blind', 14, 4, '3493779769', 0, 1, '', 0, 1, 226, 2, '2017-01-31 16:23:16'),
(37455, 1400, 100, 'call.call.', 'KJo', 'Small Blind', 14, 4, '3493779769', 0, 1, '', 0, 1, 226, 2, '2017-01-31 16:23:16'),
(37456, 1205, 100, 'open limp.', 'Q9s', 'Dealer', 12, 4, '3493779857', 0, 1, '', 0, 2, 226, 4, '2017-01-31 16:23:16'),
(37457, 1255, 150, 'call.', 'A5o', 'Small Blind', 8, 4, '3493780272', 0, 1, '', 0, 1, 226, 2, '2017-01-31 16:23:16'),
(37458, 1405, 150, 'open limp.', 'A3s', 'UTG', 9, 4, '3493780574', 0, 1, '', 0, 3, 226, 1, '2017-01-31 16:23:16'),
(37459, 950, 150, 'open bet.', 'AA', 'Small Blind', 6, 4, '3493780574', 750, 5, '', 1, 2, 226, 4, '2017-01-31 16:23:16'),
(37460, 1405, 150, 'open limp.shove.', 'A3s', 'UTG', 9, 4, '3493780574', 1350, 9, '', 0, 1, 226, 6, '2017-01-31 16:23:16'),
(37461, 115, 150, 'call shove.', 'AKo', 'UTG', 1, 4, '3493780809', 115, 1, '', 0, 3, 226, 1, '2017-01-31 16:23:16'),
(37462, 530, 200, 'shove.', 'AKo', 'Dealer', 3, 3, '3493781225', 530, 3, '', 0, 2, 226, 2, '2017-01-31 16:23:16'),
(37463, 2050, 200, 'call.', '85o', 'Big Blind', 10, 3, '3493781225', 0, 2, '', 1, 1, 226, 3, '2017-01-31 16:23:16'),
(37464, 1260, 200, 'open limp.', 'T8o', 'Small Blind', 6, 3, '3493781416', 0, 1, '', 0, 1, 226, 2, '2017-01-31 16:23:16'),
(37465, 1260, 200, 'open limp.open limp.', 'T8o', 'Small Blind', 6, 3, '3493781416', 0, 1, '', 0, 1, 226, 2, '2017-01-31 16:23:16'),
(37466, 540, 200, 'shove.', '44', 'Dealer', 3, 3, '3493781563', 540, 3, '', 0, 2, 226, 3, '2017-01-31 16:23:16'),
(37467, 940, 200, 'call.', 'KQo', 'Big Blind', 5, 3, '3493781563', 0, 2, '', 0, 1, 226, 3, '2017-01-31 16:23:16'),
(37468, 1580, 200, 'open limp.', '43o', 'Dealer', 8, 2, '3493781650', 0, 1, '', 0, 1, 226, 7, '2017-01-31 16:23:16'),
(37469, 1620, 200, 'open bet.', '83s', 'Dealer', 8, 2, '3493781738', 400, 2, '', 1, 1, 226, 7, '2017-01-31 16:23:16'),
(37470, 1180, 200, 'open bet.', 'J6o', 'Dealer', 6, 2, '3493781796', 400, 2, '', 0, 1, 226, 6, '2017-01-31 16:23:16'),
(37471, 1480, 200, 'open limp.', '96o', 'Dealer', 7, 2, '3493781896', 0, 1, '', 0, 1, 226, 7, '2017-01-31 16:23:16'),
(37472, 1720, 200, 'shove.', '22', 'Dealer', 9, 2, '3493782025', 1720, 9, '', 1, 1, 226, 6, '2017-01-31 16:23:16'),
(37473, 2560, 200, 'open bet.', 'KJo', 'Dealer', 13, 2, '3493782105', 400, 2, '', 0, 1, 226, 2, '2017-01-31 16:23:16'),
(37474, 240, 300, 'call shove.', '44', 'Dealer', 1, 2, '3493782183', 60, 0, '', 1, 1, 226, 1, '2017-01-31 16:23:16'),
(37475, 2520, 300, 'open bet.', 'A9o', 'Dealer', 8, 2, '3493782278', 600, 2, '', 0, 1, 226, 2, '2017-01-31 16:23:16'),
(37476, 500, 20, 'open bet.', '88', 'UTG+1', 25, 6, '3493778263', 42, 2, '', 0, 4, 227, 25, '2017-01-31 16:23:16'),
(37477, 490, 20, 'shove.', 'ATo', 'Dealer', 25, 6, '3493778263', 490, 25, '', 1, 3, 227, 25, '2017-01-31 16:23:16'),
(37478, 500, 20, 'open bet.call.', '88', 'UTG+1', 25, 6, '3493778263', 0, 22, 'UTG+1', 0, 1, 227, 25, '2017-01-31 16:23:16'),
(37479, 10, 20, 'call shove.', 'ATo', 'UTG', 1, 6, '3493778469', 10, 1, '', 0, 5, 227, 1, '2017-01-31 16:23:16'),
(37480, 500, 20, 'call.', 'K8o', 'Dealer', 25, 6, '3493778469', 0, 1, '', 0, 3, 227, 1, '2017-01-31 16:23:17'),
(37481, 480, 20, 'call.', 'Q3s', 'Small Blind', 24, 6, '3493778469', 0, 1, '', 0, 3, 227, 1, '2017-01-31 16:23:17'),
(37482, 460, 30, 'open bet.', 'QQ', 'Small Blind', 15, 5, '3493778876', 60, 2, '', 0, 1, 227, 15, '2017-01-31 16:23:17'),
(37483, 570, 30, 'open limp.', 'K5o', 'UTG', 19, 5, '3493779052', 0, 1, '', 0, 4, 227, 15, '2017-01-31 16:23:17'),
(37484, 460, 30, 'open bet.', 'AQo', 'UTG+1', 15, 5, '3493779052', 90, 3, '', 0, 4, 227, 15, '2017-01-31 16:23:17'),
(37485, 1010, 30, 'call.', 'Q7s', 'Big Blind', 34, 5, '3493779052', 0, 2, '', 1, 2, 227, 15, '2017-01-31 16:23:17'),
(37486, 595, 30, 'open limp.', 'Q4s', 'UTG', 20, 5, '3493779340', 0, 1, '', 0, 4, 227, 15, '2017-01-31 16:23:17'),
(37487, 455, 30, 'open limp.', '87o', 'Dealer', 15, 5, '3493779340', 0, 1, '', 0, 3, 227, 15, '2017-01-31 16:23:17'),
(37488, 490, 30, 'open limp.', 'A9s', 'UTG', 16, 5, '3493779676', 0, 1, '', 0, 4, 227, 14, '2017-01-31 16:23:17'),
(37489, 425, 30, 'open bet.', 'JTo', 'UTG+1', 14, 5, '3493779676', 120, 4, '', 0, 4, 227, 14, '2017-01-31 16:23:17'),
(37490, 600, 50, 'shove.', 'JJ', 'UTG+1', 12, 5, '3493779891', 600, 12, '', 0, 3, 227, 10, '2017-01-31 16:23:17'),
(37491, 510, 50, 'call shove.', 'KQo', 'Dealer', 10, 5, '3493779891', 510, 10, 'UTG+1', 0, 3, 227, 10, '2017-01-31 16:23:17'),
(37492, 1185, 50, 'open limp.', 'QJs', 'UTG', 24, 4, '3493780116', 0, 1, '', 0, 3, 227, 9, '2017-01-31 16:23:17'),
(37493, 425, 50, 'open bet.', 'T8o', 'Dealer', 9, 4, '3493780277', 150, 3, '', 0, 2, 227, 9, '2017-01-31 16:23:17'),
(37494, 1260, 50, 'call.', 'QTs', 'Big Blind', 25, 4, '3493780277', 0, 2, '', 0, 1, 227, 9, '2017-01-31 16:23:17'),
(37495, 1110, 50, 'open bet.', 'A6o', 'Small Blind', 22, 4, '3493780520', 300, 6, '', 0, 1, 227, 9, '2017-01-31 16:23:17'),
(37496, 830, 50, 'shove.', 'K7o', 'UTG', 17, 4, '3493780629', 830, 17, '', 1, 3, 227, 8, '2017-01-31 16:23:17'),
(37497, 1160, 100, 'open limp.', 'K5s', 'UTG', 12, 4, '3493780794', 0, 1, '', 0, 3, 227, 4, '2017-01-31 16:23:17'),
(37498, 750, 100, 'shove.', 'TT', 'Dealer', 8, 4, '3493780949', 750, 8, '', 0, 2, 227, 8, '2017-01-31 16:23:17'),
(37499, 1060, 100, 'call.', 'A7o', 'Big Blind', 11, 4, '3493780949', 0, 7, '', 0, 1, 227, 8, '2017-01-31 16:23:17'),
(37500, 755, 100, 'shove.', 'AJo', 'Dealer', 8, 3, '3493781085', 755, 8, '', 1, 2, 227, 4, '2017-01-31 16:23:17'),
(37501, 1860, 100, 'open bet.', '99', 'Small Blind', 19, 3, '3493781085', 1410, 14, '', 0, 2, 227, 4, '2017-01-31 16:23:17'),
(37502, 1610, 100, 'open bet.', '44', 'Dealer', 16, 3, '3493781308', 300, 3, '', 1, 2, 227, 2, '2017-01-31 16:23:17'),
(37503, 135, 100, 'call.', 'KJo', 'Small Blind', 1, 3, '3493781421', 0, 1, '', 0, 1, 227, 1, '2017-01-31 16:23:17'),
(37504, 1760, 100, 'open bet.', 'J6s', 'Big Blind', 18, 3, '3493781421', 200, 2, '', 1, 1, 227, 1, '2017-01-31 16:23:17'),
(37505, 1575, 100, 'open bet.', '82s', 'Dealer', 16, 3, '3493781723', 200, 2, '', 1, 2, 227, 3, '2017-01-31 16:23:17'),
(37506, 1105, 150, 'shove.', '55', 'Dealer', 7, 3, '3493781798', 1105, 7, '', 0, 2, 227, 1, '2017-01-31 16:23:17'),
(37507, 95, 150, 'call shove.', 'A7o', 'Dealer', 1, 3, '3493781897', 95, 1, '', 0, 2, 227, 1, '2017-01-31 16:23:17'),
(37508, 1575, 150, 'call.', 'T8s', 'Small Blind', 11, 3, '3493781897', 0, 1, '', 1, 2, 227, 1, '2017-01-31 16:23:17'),
(37509, 1725, 150, 'shove.', 'A4o', 'Dealer', 12, 2, '3493782190', 1725, 12, '', 0, 1, 227, 9, '2017-01-31 16:23:17'),
(37510, 2550, 150, 'open bet.', '95s', 'Dealer', 17, 2, '3493782297', 954, 6, '', 1, 1, 227, 3, '2017-01-31 16:23:17'),
(37511, 500, 20, 'open limp.', '72o', 'Small Blind', 25, 6, '3493778853', 0, 1, '', 0, 2, 228, 25, '2017-01-31 16:23:17'),
(37512, 520, 20, 'open bet.', 'Q5o', 'Small Blind', 26, 6, '3493779267', 40, 2, '', 1, 1, 228, 25, '2017-01-31 16:23:17'),
(37513, 500, 20, 'call.', 'J7o', 'Big Blind', 25, 6, '3493779267', 0, 1, '', 0, 1, 228, 25, '2017-01-31 16:23:17'),
(37514, 500, 20, 'open limp.', 'T8s', 'UTG+1', 25, 6, '3493779565', 0, 1, '', 0, 4, 228, 2, '2017-01-31 16:23:17'),
(37515, 480, 20, 'open limp.', 'A8o', 'UTG+2', 24, 6, '3493779565', 0, 1, '', 0, 4, 228, 2, '2017-01-31 16:23:17'),
(37516, 500, 20, 'call.', '63o', 'Big Blind', 25, 6, '3493779565', 0, 1, '', 0, 3, 228, 2, '2017-01-31 16:23:17'),
(37517, 500, 20, 'open limp.call.', 'T8s', 'UTG+1', 25, 6, '3493779565', 0, 1, '', 0, 3, 228, 2, '2017-01-31 16:23:17'),
(37518, 480, 20, 'open limp.call.', 'A8o', 'UTG+2', 24, 6, '3493779565', 0, 1, '', 0, 3, 228, 2, '2017-01-31 16:23:17'),
(37519, 975, 30, 'open bet.', 'AQo', 'UTG+2', 33, 5, '3493779859', 60, 2, '', 1, 2, 228, 15, '2017-01-31 16:23:17'),
(37520, 455, 30, 'call.', '98s', 'Small Blind', 15, 5, '3493779859', 0, 2, '', 0, 2, 228, 15, '2017-01-31 16:23:17'),
(37521, 500, 30, 'call.', 'K4s', 'Big Blind', 17, 5, '3493779859', 0, 1, '', 0, 2, 228, 15, '2017-01-31 16:23:17'),
(37522, 615, 30, 'open limp.', '33', 'UTG', 21, 5, '3493780082', 0, 1, '', 0, 4, 228, 11, '2017-01-31 16:23:17'),
(37523, 1155, 30, 'shove.', 'AQo', 'UTG+1', 39, 5, '3493780082', 1155, 39, '', 1, 4, 228, 11, '2017-01-31 16:23:17'),
(37524, 1230, 30, 'shove.', 'AJo', 'UTG', 41, 5, '3493780249', 1230, 41, '', 1, 4, 228, 11, '2017-01-31 16:23:17'),
(37525, 335, 30, 'open limp.', '87s', 'UTG', 11, 5, '3493780350', 0, 1, '', 0, 4, 228, 11, '2017-01-31 16:23:17'),
(37526, 335, 30, 'open limp.call shove.', '87s', 'UTG', 11, 5, '3493780350', 305, 10, '', 0, 1, 228, 11, '2017-01-31 16:23:17'),
(37527, 410, 30, 'open limp.', 'A6s', 'UTG+1', 14, 5, '3493780486', 0, 1, '', 0, 3, 228, 14, '2017-01-31 16:23:17'),
(37528, 940, 30, 'open limp.', 'A5s', 'Small Blind', 31, 5, '3493780486', 0, 1, '', 1, 2, 228, 14, '2017-01-31 16:23:17'),
(37529, 410, 30, 'open limp.call shove.', 'A6s', 'UTG+1', 14, 5, '3493780486', 380, 13, '', 0, 2, 228, 14, '2017-01-31 16:23:17'),
(37530, 540, 30, 'open bet.', 'AQo', 'UTG', 18, 4, '3493780643', 120, 4, '', 0, 3, 228, 14, '2017-01-31 16:23:17'),
(37531, 1110, 30, 'open bet.', 'AKs', 'Dealer', 37, 4, '3493780744', 90, 3, '', 0, 2, 228, 13, '2017-01-31 16:23:17'),
(37532, 585, 30, 'call.', 'Q8o', 'Big Blind', 20, 4, '3493780744', 0, 2, '', 0, 1, 228, 20, '2017-01-31 16:23:17'),
(37533, 380, 50, 'shove.', 'T5s', 'Dealer', 8, 4, '3493780903', 380, 8, '', 0, 2, 228, 8, '2017-01-31 16:23:17'),
(37534, 910, 50, 'call.', 'ATs', 'Big Blind', 18, 4, '3493780903', 0, 7, '', 1, 1, 228, 8, '2017-01-31 16:23:17'),
(37535, 1215, 50, 'open bet.', 'KJo', 'UTG', 24, 4, '3493781281', 100, 2, '', 0, 3, 228, 10, '2017-01-31 16:23:17'),
(37536, 470, 50, 'open bet.', 'A9s', 'UTG', 9, 4, '3493781500', 175, 4, '', 0, 3, 228, 9, '2017-01-31 16:23:17'),
(37537, 430, 50, 'shove.', '77', 'UTG', 9, 4, '3493781620', 359, 7, '', 1, 3, 228, 9, '2017-01-31 16:23:17'),
(37538, 495, 50, 'open bet.', 'KK', 'Small Blind', 10, 4, '3493781785', 150, 3, '', 0, 1, 228, 10, '2017-01-31 16:23:17'),
(37539, 505, 50, 'shove.', '88', 'Big Blind', 10, 4, '3493781785', 483, 10, '', 1, 1, 228, 10, '2017-01-31 16:23:17'),
(37540, 505, 50, 'shove.call.', '88', 'Big Blind', 10, 4, '3493781785', 0, 0, 'Small Blind', 1, 1, 228, 10, '2017-01-31 16:23:17'),
(37541, 710, 100, 'shove.', '76s', 'UTG', 7, 4, '3493781981', 710, 7, '', 0, 3, 228, 0, '2017-01-31 16:23:17'),
(37542, 500, 20, 'open bet.', 'AJo', 'UTG+1', 25, 6, '3493779232', 50, 3, '', 0, 4, 229, 25, '2017-01-31 16:23:17'),
(37543, 480, 20, 'open limp.', 'Q9o', 'Small Blind', 24, 6, '3493779608', 0, 1, '', 0, 1, 229, 24, '2017-01-31 16:23:17'),
(37544, 500, 20, 'open limp.', '87s', 'UTG', 25, 6, '3493779808', 0, 1, '', 0, 5, 229, 23, '2017-01-31 16:23:17'),
(37545, 490, 20, 'shove.', 'AJs', 'UTG+2', 25, 6, '3493779808', 490, 25, '', 0, 4, 229, 23, '2017-01-31 16:23:17'),
(37546, 500, 30, 'open bet.', 'KQs', 'UTG', 17, 6, '3493780109', 60, 2, '', 1, 5, 229, 15, '2017-01-31 16:23:17'),
(37547, 480, 30, 'call.', 'Q4o', 'Big Blind', 16, 6, '3493780109', 0, 1, '', 0, 1, 229, 16, '2017-01-31 16:23:17'),
(37548, 540, 30, 'open bet.', 'KQo', 'UTG', 18, 6, '3493780318', 120, 4, '', 0, 5, 229, 12, '2017-01-31 16:23:17'),
(37549, 605, 30, 'open limp.', 'J9o', 'Small Blind', 20, 6, '3493780453', 0, 1, '', 1, 1, 229, 20, '2017-01-31 16:23:17'),
(37550, 345, 30, 'open limp.', 'QJo', 'UTG+2', 12, 6, '3493780789', 0, 1, '', 0, 3, 229, 12, '2017-01-31 16:23:17'),
(37551, 615, 30, 'open limp.', 'K9s', 'Small Blind', 21, 6, '3493780789', 0, 1, '', 0, 2, 229, 12, '2017-01-31 16:23:17'),
(37552, 475, 50, 'open limp.', 'QTo', 'Small Blind', 10, 6, '3493781077', 0, 1, '', 0, 1, 229, 10, '2017-01-31 16:23:17'),
(37553, 630, 50, 'open bet.', 'K5s', 'UTG+2', 13, 6, '3493781315', 150, 3, '', 0, 3, 229, 9, '2017-01-31 16:23:17'),
(37554, 425, 50, 'call.', 'JTs', 'Dealer', 9, 6, '3493781315', 0, 3, '', 0, 3, 229, 9, '2017-01-31 16:23:17'),
(37555, 650, 50, 'open limp.', 'KJo', 'UTG+2', 13, 6, '3493781695', 0, 1, '', 0, 3, 229, 6, '2017-01-31 16:23:17'),
(37556, 550, 50, 'open limp.', '66', 'UTG+1', 11, 6, '3493781947', 0, 1, '', 0, 4, 229, 8, '2017-01-31 16:23:17'),
(37557, 440, 50, 'open limp.', 'K9s', 'Small Blind', 9, 6, '3493781947', 0, 1, '', 0, 2, 229, 9, '2017-01-31 16:23:17'),
(37558, 475, 100, 'shove.', 'A9o', 'Small Blind', 5, 6, '3493782317', 435, 4, '', 1, 1, 229, 5, '2017-01-31 16:23:17'),
(37559, 420, 100, 'call shove.', 'A8o', 'UTG+1', 4, 6, '3493782500', 0, 0, '', 0, 4, 229, 4, '2017-01-31 16:23:17'),
(37560, 575, 100, 'shove.', 'J8s', 'UTG+2', 6, 6, '3493782723', 559, 6, '', 1, 3, 229, 3, '2017-01-31 16:23:17'),
(37561, 330, 100, 'call shove.', 'AJo', 'Dealer', 3, 6, '3493782723', 330, 3, 'UTG+2', 0, 3, 229, 3, '2017-01-31 16:23:17'),
(37562, 245, 100, 'shove.', 'KQo', 'UTG+1', 2, 6, '3493782908', 245, 2, '', 1, 4, 229, 2, '2017-01-31 16:23:17'),
(37563, 810, 100, 'shove.', 'AJo', 'UTG+2', 8, 6, '3493782908', 810, 8, '', 0, 4, 229, 2, '2017-01-31 16:23:17'),
(37564, 640, 100, 'shove.', 'A7s', 'UTG', 6, 6, '3493783094', 640, 6, '', 1, 5, 229, 4, '2017-01-31 16:23:17'),
(37565, 565, 100, 'call shove.', 'QJo', 'UTG+1', 6, 6, '3493783094', 565, 6, 'UTG', 0, 5, 229, 4, '2017-01-31 16:23:17'),
(37566, 550, 150, 'open limp.', 'Q7o', 'UTG+1', 4, 6, '3493783263', 0, 1, '', 0, 4, 229, 1, '2017-01-31 16:23:17'),
(37567, 385, 150, 'shove.', 'A9o', 'UTG+2', 3, 6, '3493783263', 385, 3, '', 0, 4, 229, 1, '2017-01-31 16:23:17');

-- --------------------------------------------------------

--
-- Table structure for table `rank`
--

CREATE TABLE `rank` (
  `id` int(10) NOT NULL,
  `hand` varchar(5) NOT NULL,
  `ranking` int(10) NOT NULL,
  `chart` varchar(100) NOT NULL
) ENGINE=InnoDB DEFAULT CHARSET=latin1;

--
-- Dumping data for table `rank`
--

INSERT INTO `rank` (`id`, `hand`, `ranking`, `chart`) VALUES
(1522, 'AA', 1, 'Equity Squared'),
(1523, 'KK', 2, 'Equity Squared'),
(1524, 'QQ', 3, 'Equity Squared'),
(1525, 'JJ', 4, 'Equity Squared'),
(1526, 'TT', 5, 'Equity Squared'),
(1527, '99', 6, 'Equity Squared'),
(1528, 'AKs', 7, 'Equity Squared'),
(1529, '88', 8, 'Equity Squared'),
(1530, 'AQs', 9, 'Equity Squared'),
(1531, 'AKo', 10, 'Equity Squared'),
(1532, 'AJs', 11, 'Equity Squared'),
(1533, 'ATs', 12, 'Equity Squared'),
(1534, 'KQs', 13, 'Equity Squared'),
(1535, 'AQo', 14, 'Equity Squared'),
(1536, '77', 15, 'Equity Squared'),
(1537, 'KJs', 16, 'Equity Squared'),
(1538, 'AJo', 17, 'Equity Squared'),
(1539, 'KTs', 18, 'Equity Squared'),
(1540, 'A9s', 19, 'Equity Squared'),
(1541, 'KQo', 20, 'Equity Squared'),
(1542, 'ATo', 21, 'Equity Squared'),
(1543, 'QJs', 22, 'Equity Squared'),
(1544, 'A8s', 23, 'Equity Squared'),
(1545, '66', 24, 'Equity Squared'),
(1546, 'KJo', 25, 'Equity Squared'),
(1547, 'QTs', 26, 'Equity Squared'),
(1548, 'A7s', 27, 'Equity Squared'),
(1549, 'K9s', 28, 'Equity Squared'),
(1550, 'KTo', 29, 'Equity Squared'),
(1551, 'JTs', 30, 'Equity Squared'),
(1552, 'A9o', 31, 'Equity Squared'),
(1553, 'A5s', 32, 'Equity Squared'),
(1554, 'QJo', 33, 'Equity Squared'),
(1555, 'A6s', 34, 'Equity Squared'),
(1556, 'Q9s', 35, 'Equity Squared'),
(1557, 'A4s', 36, 'Equity Squared'),
(1558, 'A8o', 37, 'Equity Squared'),
(1559, '55', 38, 'Equity Squared'),
(1560, 'QTo', 39, 'Equity Squared'),
(1561, 'K8s', 40, 'Equity Squared'),
(1562, 'A3s', 41, 'Equity Squared'),
(1563, 'J9s', 42, 'Equity Squared'),
(1564, 'A7o', 43, 'Equity Squared'),
(1565, 'K7s', 44, 'Equity Squared'),
(1566, 'K9o', 45, 'Equity Squared'),
(1567, 'JTo', 46, 'Equity Squared'),
(1568, 'A2s', 47, 'Equity Squared'),
(1569, 'T9s', 48, 'Equity Squared'),
(1570, 'Q8s', 49, 'Equity Squared'),
(1571, 'K6s', 50, 'Equity Squared'),
(1572, 'A5o', 51, 'Equity Squared'),
(1573, 'A6o', 52, 'Equity Squared'),
(1574, 'Q9o', 53, 'Equity Squared'),
(1575, 'K5s', 54, 'Equity Squared'),
(1576, 'J8s', 55, 'Equity Squared'),
(1577, 'A4o', 56, 'Equity Squared'),
(1578, 'K8o', 57, 'Equity Squared'),
(1579, '44', 58, 'Equity Squared'),
(1580, 'T8s', 59, 'Equity Squared'),
(1581, 'K4s', 60, 'Equity Squared'),
(1582, 'Q7s', 61, 'Equity Squared'),
(1583, 'A3o', 62, 'Equity Squared'),
(1584, 'J9o', 63, 'Equity Squared'),
(1585, 'K7o', 64, 'Equity Squared'),
(1586, '98s', 65, 'Equity Squared'),
(1587, 'K3s', 66, 'Equity Squared'),
(1588, 'Q6s', 67, 'Equity Squared'),
(1589, 'T9o', 68, 'Equity Squared'),
(1590, 'A2o', 69, 'Equity Squared'),
(1591, 'J7s', 70, 'Equity Squared'),
(1592, 'Q8o', 71, 'Equity Squared'),
(1593, 'K6o', 72, 'Equity Squared'),
(1594, 'K2s', 73, 'Equity Squared'),
(1595, 'Q5s', 74, 'Equity Squared'),
(1596, 'T7s', 75, 'Equity Squared'),
(1597, 'J8o', 76, 'Equity Squared'),
(1598, 'Q4s', 77, 'Equity Squared'),
(1599, 'K5o', 78, 'Equity Squared'),
(1600, '97s', 79, 'Equity Squared'),
(1601, '33', 80, 'Equity Squared'),
(1602, '87s', 81, 'Equity Squared'),
(1603, 'T8o', 82, 'Equity Squared'),
(1604, 'J6s', 83, 'Equity Squared'),
(1605, 'Q3s', 84, 'Equity Squared'),
(1606, 'Q7o', 85, 'Equity Squared'),
(1607, 'K4o', 86, 'Equity Squared'),
(1608, 'J5s', 87, 'Equity Squared'),
(1609, '98o', 88, 'Equity Squared'),
(1610, 'T6s', 89, 'Equity Squared'),
(1611, 'Q2s', 90, 'Equity Squared'),
(1612, 'Q6o', 91, 'Equity Squared'),
(1613, 'K3o', 92, 'Equity Squared'),
(1614, '96s', 93, 'Equity Squared'),
(1615, 'J7o', 94, 'Equity Squared'),
(1616, 'J4s', 95, 'Equity Squared'),
(1617, '86s', 96, 'Equity Squared'),
(1618, '76s', 97, 'Equity Squared'),
(1619, 'Q5o', 98, 'Equity Squared'),
(1620, 'K2o', 99, 'Equity Squared'),
(1621, 'T7o', 100, 'Equity Squared'),
(1622, 'J3s', 101, 'Equity Squared'),
(1623, '22', 102, 'Equity Squared'),
(1624, 'T5s', 103, 'Equity Squared'),
(1625, '97o', 104, 'Equity Squared'),
(1626, 'Q4o', 105, 'Equity Squared'),
(1627, 'J2s', 106, 'Equity Squared'),
(1628, '87o', 107, 'Equity Squared'),
(1629, '95s', 108, 'Equity Squared'),
(1630, 'T4s', 109, 'Equity Squared'),
(1631, '65s', 110, 'Equity Squared'),
(1632, '75s', 111, 'Equity Squared'),
(1633, '85s', 112, 'Equity Squared'),
(1634, 'J6o', 113, 'Equity Squared'),
(1635, 'Q3o', 114, 'Equity Squared'),
(1636, 'T3s', 115, 'Equity Squared'),
(1637, 'J5o', 116, 'Equity Squared'),
(1638, 'T6o', 117, 'Equity Squared'),
(1639, '54s', 118, 'Equity Squared'),
(1640, 'Q2o', 119, 'Equity Squared'),
(1641, 'T2s', 120, 'Equity Squared'),
(1642, '96o', 121, 'Equity Squared'),
(1643, '64s', 122, 'Equity Squared'),
(1644, '86o', 123, 'Equity Squared'),
(1645, '76o', 124, 'Equity Squared'),
(1646, '94s', 125, 'Equity Squared'),
(1647, 'J4o', 126, 'Equity Squared'),
(1648, '74s', 127, 'Equity Squared'),
(1649, '84s', 128, 'Equity Squared'),
(1650, '93s', 129, 'Equity Squared'),
(1651, 'J3o', 130, 'Equity Squared'),
(1652, '53s', 131, 'Equity Squared'),
(1653, 'T5o', 132, 'Equity Squared'),
(1654, '92s', 133, 'Equity Squared'),
(1655, '65o', 134, 'Equity Squared'),
(1656, '63s', 135, 'Equity Squared'),
(1657, 'J2o', 136, 'Equity Squared'),
(1658, '95o', 137, 'Equity Squared'),
(1659, 'T4o', 138, 'Equity Squared'),
(1660, '75o', 139, 'Equity Squared'),
(1661, '85o', 140, 'Equity Squared'),
(1662, '73s', 141, 'Equity Squared'),
(1663, '43s', 142, 'Equity Squared'),
(1664, '83s', 143, 'Equity Squared'),
(1665, '82s', 144, 'Equity Squared'),
(1666, 'T3o', 145, 'Equity Squared'),
(1667, '52s', 146, 'Equity Squared'),
(1668, '54o', 147, 'Equity Squared'),
(1669, 'T2o', 148, 'Equity Squared'),
(1670, '62s', 149, 'Equity Squared'),
(1671, '64o', 150, 'Equity Squared'),
(1672, '42s', 151, 'Equity Squared'),
(1673, '94o', 152, 'Equity Squared'),
(1674, '72s', 153, 'Equity Squared'),
(1675, '74o', 154, 'Equity Squared'),
(1676, '84o', 155, 'Equity Squared'),
(1677, '93o', 156, 'Equity Squared'),
(1678, '32s', 157, 'Equity Squared'),
(1679, '53o', 158, 'Equity Squared'),
(1680, '92o', 159, 'Equity Squared'),
(1681, '63o', 160, 'Equity Squared'),
(1682, '43o', 161, 'Equity Squared'),
(1683, '73o', 162, 'Equity Squared'),
(1684, '83o', 163, 'Equity Squared'),
(1685, '82o', 164, 'Equity Squared'),
(1686, '52o', 165, 'Equity Squared'),
(1687, '62o', 166, 'Equity Squared'),
(1688, '42o', 167, 'Equity Squared'),
(1689, '72o', 168, 'Equity Squared'),
(1690, '32o', 169, 'Equity Squared');

--
-- Indexes for dumped tables
--

--
-- Indexes for table `history`
--
ALTER TABLE `history`
  ADD PRIMARY KEY (`id`),
  ADD UNIQUE KEY `tournament_id` (`tournament_id`);

--
-- Indexes for table `preflop_actions`
--
ALTER TABLE `preflop_actions`
  ADD PRIMARY KEY (`id`);

--
-- Indexes for table `rank`
--
ALTER TABLE `rank`
  ADD PRIMARY KEY (`id`);

--
-- AUTO_INCREMENT for dumped tables
--

--
-- AUTO_INCREMENT for table `history`
--
ALTER TABLE `history`
  MODIFY `id` int(12) NOT NULL AUTO_INCREMENT, AUTO_INCREMENT=230;
--
-- AUTO_INCREMENT for table `preflop_actions`
--
ALTER TABLE `preflop_actions`
  MODIFY `id` int(10) NOT NULL AUTO_INCREMENT, AUTO_INCREMENT=37568;
--
-- AUTO_INCREMENT for table `rank`
--
ALTER TABLE `rank`
  MODIFY `id` int(10) NOT NULL AUTO_INCREMENT, AUTO_INCREMENT=1691;
/*!40101 SET CHARACTER_SET_CLIENT=@OLD_CHARACTER_SET_CLIENT */;
/*!40101 SET CHARACTER_SET_RESULTS=@OLD_CHARACTER_SET_RESULTS */;
/*!40101 SET COLLATION_CONNECTION=@OLD_COLLATION_CONNECTION */;
